3.195978e+01,1.269997e+02,0
3.196277e+01,1.269989e+02,0
3.196576e+01,1.269981e+02,0
3.196874e+01,1.269973e+02,0
3.197173e+01,1.269965e+02,0
3.197472e+01,1.269956e+02,0
3.197770e+01,1.269948e+02,0
3.198069e+01,1.269940e+02,0
3.198368e+01,1.269932e+02,0
3.198666e+01,1.269924e+02,0
3.198965e+01,1.269916e+02,0
3.199264e+01,1.269908e+02,0
3.199563e+01,1.269900e+02,0
3.199861e+01,1.269892e+02,0
3.200160e+01,1.269884e+02,0
3.200459e+01,1.269875e+02,0
3.200758e+01,1.269867e+02,0
3.201056e+01,1.269859e+02,0
3.201355e+01,1.269851e+02,0
3.201654e+01,1.269843e+02,0
3.201952e+01,1.269835e+02,0
3.202251e+01,1.269827e+02,0
3.202550e+01,1.269819e+02,0
3.202848e+01,1.269811e+02,0
3.203148e+01,1.269803e+02,0
3.203445e+01,1.269795e+02,0
3.203743e+01,1.269787e+02,0
3.204040e+01,1.269779e+02,0
3.204337e+01,1.269771e+02,0
3.204635e+01,1.269764e+02,0
3.204932e+01,1.269756e+02,0
3.205230e+01,1.269748e+02,0
3.205527e+01,1.269740e+02,0
3.205824e+01,1.269732e+02,0
3.206122e+01,1.269724e+02,0
3.206419e+01,1.269716e+02,0
3.206717e+01,1.269709e+02,0
3.207014e+01,1.269701e+02,0
3.207311e+01,1.269693e+02,0
3.207609e+01,1.269685e+02,0
3.207906e+01,1.269677e+02,0
3.208204e+01,1.269669e+02,0
3.208501e+01,1.269662e+02,0
3.208798e+01,1.269654e+02,0
3.209096e+01,1.269646e+02,0
3.209393e+01,1.269638e+02,0
3.209690e+01,1.269630e+02,0
3.209988e+01,1.269622e+02,0
3.210285e+01,1.269614e+02,0
3.210582e+01,1.269606e+02,0
3.210879e+01,1.269598e+02,0
3.211176e+01,1.269590e+02,0
3.211473e+01,1.269581e+02,0
3.211771e+01,1.269573e+02,0
3.212067e+01,1.269565e+02,0
3.212365e+01,1.269557e+02,0
3.212662e+01,1.269549e+02,0
3.212959e+01,1.269540e+02,0
3.213256e+01,1.269532e+02,0
3.213553e+01,1.269524e+02,0
3.213844e+01,1.269516e+02,0
3.214141e+01,1.269508e+02,0
3.214438e+01,1.269500e+02,0
3.214735e+01,1.269491e+02,0
3.215033e+01,1.269483e+02,0
3.215330e+01,1.269475e+02,0
3.215627e+01,1.269467e+02,0
3.215924e+01,1.269458e+02,0
3.216222e+01,1.269450e+02,0
3.216522e+01,1.269442e+02,0
3.216821e+01,1.269434e+02,0
3.217120e+01,1.269426e+02,0
3.217419e+01,1.269418e+02,0
3.217719e+01,1.269410e+02,0
3.218018e+01,1.269402e+02,0
3.218317e+01,1.269394e+02,0
3.218617e+01,1.269386e+02,0
3.218916e+01,1.269378e+02,0
3.219215e+01,1.269370e+02,0
3.219514e+01,1.269362e+02,0
3.219814e+01,1.269354e+02,0
3.220113e+01,1.269346e+02,0
3.220412e+01,1.269338e+02,0
3.220712e+01,1.269330e+02,0
3.221011e+01,1.269322e+02,0
3.221310e+01,1.269314e+02,0
3.221607e+01,1.269306e+02,0
3.221904e+01,1.269298e+02,0
3.222201e+01,1.269291e+02,0
3.222498e+01,1.269283e+02,0
3.222794e+01,1.269275e+02,0
3.223092e+01,1.269267e+02,0
3.223388e+01,1.269259e+02,0
3.223685e+01,1.269251e+02,0
3.223982e+01,1.269243e+02,0
3.224279e+01,1.269235e+02,0
3.224576e+01,1.269227e+02,0
3.224873e+01,1.269219e+02,0
3.225170e+01,1.269211e+02,0
3.225467e+01,1.269203e+02,0
3.225764e+01,1.269195e+02,0
3.226060e+01,1.269187e+02,0
3.226358e+01,1.269179e+02,0
3.226654e+01,1.269172e+02,0
3.226952e+01,1.269164e+02,0
3.227248e+01,1.269156e+02,0
3.227545e+01,1.269148e+02,0
3.227842e+01,1.269140e+02,0
3.228140e+01,1.269132e+02,0
3.228439e+01,1.269124e+02,0
3.228737e+01,1.269115e+02,0
3.229036e+01,1.269107e+02,0
3.229334e+01,1.269099e+02,0
3.229633e+01,1.269091e+02,0
3.229932e+01,1.269082e+02,0
3.230230e+01,1.269074e+02,0
3.230529e+01,1.269066e+02,0
3.230827e+01,1.269058e+02,0
3.231126e+01,1.269050e+02,0
3.231425e+01,1.269041e+02,0
3.231723e+01,1.269033e+02,0
3.232022e+01,1.269025e+02,0
3.232320e+01,1.269017e+02,0
3.232619e+01,1.269009e+02,0
3.232918e+01,1.269000e+02,0
3.233216e+01,1.268992e+02,0
3.233515e+01,1.268984e+02,0
3.233813e+01,1.268976e+02,0
3.234112e+01,1.268968e+02,0
3.234409e+01,1.268959e+02,0
3.234705e+01,1.268951e+02,0
3.235003e+01,1.268943e+02,0
3.235299e+01,1.268935e+02,0
3.235596e+01,1.268927e+02,0
3.235893e+01,1.268918e+02,0
3.236190e+01,1.268910e+02,0
3.236487e+01,1.268902e+02,0
3.236784e+01,1.268894e+02,0
3.237081e+01,1.268886e+02,0
3.237378e+01,1.268877e+02,0
3.237675e+01,1.268869e+02,0
3.237971e+01,1.268861e+02,0
3.238269e+01,1.268853e+02,0
3.238565e+01,1.268845e+02,0
3.238863e+01,1.268836e+02,0
3.239159e+01,1.268828e+02,0
3.239457e+01,1.268820e+02,0
3.239756e+01,1.268812e+02,0
3.240054e+01,1.268804e+02,0
3.240353e+01,1.268796e+02,0
3.240651e+01,1.268788e+02,0
3.240949e+01,1.268780e+02,0
3.241248e+01,1.268772e+02,0
3.241546e+01,1.268763e+02,0
3.241845e+01,1.268755e+02,0
3.242143e+01,1.268747e+02,0
3.242441e+01,1.268739e+02,0
3.242739e+01,1.268731e+02,0
3.243038e+01,1.268723e+02,0
3.243336e+01,1.268715e+02,0
3.243635e+01,1.268707e+02,0
3.243933e+01,1.268699e+02,0
3.244232e+01,1.268690e+02,0
3.244530e+01,1.268682e+02,0
3.244828e+01,1.268674e+02,0
3.245127e+01,1.268666e+02,0
3.245425e+01,1.268658e+02,0
3.245724e+01,1.268650e+02,0
3.246022e+01,1.268642e+02,0
3.246322e+01,1.268634e+02,0
3.246622e+01,1.268626e+02,0
3.246922e+01,1.268618e+02,0
3.247222e+01,1.268610e+02,0
3.247522e+01,1.268602e+02,0
3.247822e+01,1.268594e+02,0
3.248122e+01,1.268586e+02,0
3.248422e+01,1.268578e+02,0
3.248722e+01,1.268570e+02,0
3.249022e+01,1.268562e+02,0
3.249322e+01,1.268554e+02,0
3.249622e+01,1.268546e+02,0
3.249921e+01,1.268538e+02,0
3.250222e+01,1.268530e+02,0
3.250521e+01,1.268522e+02,0
3.250821e+01,1.268514e+02,0
3.251122e+01,1.268506e+02,0
3.251421e+01,1.268498e+02,0
3.251721e+01,1.268490e+02,0
3.252021e+01,1.268482e+02,0
3.252319e+01,1.268474e+02,0
3.252616e+01,1.268466e+02,0
3.252913e+01,1.268457e+02,0
3.253210e+01,1.268449e+02,0
3.253506e+01,1.268441e+02,0
3.253803e+01,1.268433e+02,0
3.254100e+01,1.268425e+02,0
3.254397e+01,1.268416e+02,0
3.254694e+01,1.268408e+02,0
3.254991e+01,1.268400e+02,0
3.255288e+01,1.268392e+02,0
3.255585e+01,1.268384e+02,0
3.255882e+01,1.268375e+02,0
3.256179e+01,1.268367e+02,0
3.256475e+01,1.268359e+02,0
3.256772e+01,1.268351e+02,0
3.257069e+01,1.268343e+02,0
3.257366e+01,1.268334e+02,0
3.257665e+01,1.268326e+02,0
3.257963e+01,1.268318e+02,0
3.258261e+01,1.268310e+02,0
3.258560e+01,1.268302e+02,0
3.258858e+01,1.268294e+02,0
3.259157e+01,1.268286e+02,0
3.259455e+01,1.268277e+02,0
3.259753e+01,1.268269e+02,0
3.260052e+01,1.268261e+02,0
3.260350e+01,1.268253e+02,0
3.260648e+01,1.268245e+02,0
3.260947e+01,1.268237e+02,0
3.261245e+01,1.268229e+02,0
3.261544e+01,1.268221e+02,0
3.261842e+01,1.268212e+02,0
3.262140e+01,1.268204e+02,0
3.262439e+01,1.268196e+02,0
3.262737e+01,1.268188e+02,0
3.263036e+01,1.268180e+02,0
3.263334e+01,1.268172e+02,0
3.263632e+01,1.268164e+02,0
3.263931e+01,1.268155e+02,0
3.264229e+01,1.268147e+02,0
3.264528e+01,1.268139e+02,0
3.264827e+01,1.268131e+02,0
3.265126e+01,1.268124e+02,0
3.265425e+01,1.268116e+02,0
3.265724e+01,1.268108e+02,0
3.266022e+01,1.268100e+02,0
3.266322e+01,1.268092e+02,0
3.266620e+01,1.268084e+02,0
3.266919e+01,1.268076e+02,0
3.267218e+01,1.268068e+02,0
3.267517e+01,1.268060e+02,0
3.267816e+01,1.268052e+02,0
3.268115e+01,1.268044e+02,0
3.268414e+01,1.268036e+02,0
3.268713e+01,1.268028e+02,0
3.269012e+01,1.268020e+02,0
3.269310e+01,1.268012e+02,0
3.269609e+01,1.268004e+02,0
3.269908e+01,1.267996e+02,0
3.270206e+01,1.267988e+02,0
3.270504e+01,1.267980e+02,0
3.270800e+01,1.267972e+02,0
3.271097e+01,1.267964e+02,0
3.271394e+01,1.267955e+02,0
3.271691e+01,1.267947e+02,0
3.271988e+01,1.267939e+02,0
3.272285e+01,1.267931e+02,0
3.272581e+01,1.267922e+02,0
3.272878e+01,1.267914e+02,0
3.273175e+01,1.267906e+02,0
3.273472e+01,1.267898e+02,0
3.273769e+01,1.267889e+02,0
3.274066e+01,1.267881e+02,0
3.274363e+01,1.267873e+02,0
3.274660e+01,1.267865e+02,0
3.274957e+01,1.267856e+02,0
3.275253e+01,1.267848e+02,0
3.275551e+01,1.267840e+02,0
3.275850e+01,1.267832e+02,0
3.276148e+01,1.267824e+02,0
3.276446e+01,1.267816e+02,0
3.276744e+01,1.267807e+02,0
3.277043e+01,1.267799e+02,0
3.277341e+01,1.267791e+02,0
3.277640e+01,1.267783e+02,0
3.277938e+01,1.267775e+02,0
3.278236e+01,1.267767e+02,0
3.278535e+01,1.267758e+02,0
3.278833e+01,1.267750e+02,0
3.279131e+01,1.267742e+02,0
3.279430e+01,1.267734e+02,0
3.279728e+01,1.267726e+02,0
3.280026e+01,1.267718e+02,0
3.280325e+01,1.267710e+02,0
3.280623e+01,1.267701e+02,0
3.280922e+01,1.267693e+02,0
3.281220e+01,1.267685e+02,0
3.281518e+01,1.267677e+02,0
3.281816e+01,1.267669e+02,0
3.282115e+01,1.267661e+02,0
3.282414e+01,1.267653e+02,0
3.282714e+01,1.267644e+02,0
3.283013e+01,1.267636e+02,0
3.283313e+01,1.267628e+02,0
3.283612e+01,1.267620e+02,0
3.283911e+01,1.267612e+02,0
3.284211e+01,1.267604e+02,0
3.284510e+01,1.267595e+02,0
3.284809e+01,1.267587e+02,0
3.285109e+01,1.267579e+02,0
3.285408e+01,1.267571e+02,0
3.285708e+01,1.267563e+02,0
3.286007e+01,1.267555e+02,0
3.286307e+01,1.267546e+02,0
3.286606e+01,1.267538e+02,0
3.286906e+01,1.267530e+02,0
3.287205e+01,1.267522e+02,0
3.287504e+01,1.267514e+02,0
3.287804e+01,1.267506e+02,0
3.288103e+01,1.267497e+02,0
3.288403e+01,1.267489e+02,0
3.288702e+01,1.267481e+02,0
3.289001e+01,1.267473e+02,0
3.289300e+01,1.267465e+02,0
3.289599e+01,1.267457e+02,0
3.289898e+01,1.267449e+02,0
3.290197e+01,1.267441e+02,0
3.290497e+01,1.267433e+02,0
3.290796e+01,1.267425e+02,0
3.291095e+01,1.267416e+02,0
3.291394e+01,1.267408e+02,0
3.291693e+01,1.267400e+02,0
3.291993e+01,1.267392e+02,0
3.292292e+01,1.267384e+02,0
3.292591e+01,1.267376e+02,0
3.292890e+01,1.267368e+02,0
3.293189e+01,1.267360e+02,0
3.293488e+01,1.267352e+02,0
3.293788e+01,1.267343e+02,0
3.294087e+01,1.267335e+02,0
3.294386e+01,1.267327e+02,0
3.294685e+01,1.267319e+02,0
3.294985e+01,1.267310e+02,0
3.295284e+01,1.267302e+02,0
3.295583e+01,1.267294e+02,0
3.295882e+01,1.267286e+02,0
3.296181e+01,1.267278e+02,0
3.296481e+01,1.267269e+02,0
3.296780e+01,1.267261e+02,0
3.297079e+01,1.267253e+02,0
3.297379e+01,1.267245e+02,0
3.297678e+01,1.267236e+02,0
3.297977e+01,1.267228e+02,0
3.298276e+01,1.267220e+02,0
3.298576e+01,1.267212e+02,0
3.298875e+01,1.267204e+02,0
3.299174e+01,1.267195e+02,0
3.299473e+01,1.267187e+02,0
3.299773e+01,1.267179e+02,0
3.300072e+01,1.267171e+02,0
3.300370e+01,1.267162e+02,0
3.300669e+01,1.267154e+02,0
3.300968e+01,1.267146e+02,0
3.301266e+01,1.267137e+02,0
3.301565e+01,1.267129e+02,0
3.301863e+01,1.267121e+02,0
3.302162e+01,1.267112e+02,0
3.302460e+01,1.267104e+02,0
3.302759e+01,1.267096e+02,0
3.303057e+01,1.267088e+02,0
3.303356e+01,1.267079e+02,0
3.303654e+01,1.267071e+02,0
3.303953e+01,1.267063e+02,0
3.304251e+01,1.267054e+02,0
3.304550e+01,1.267046e+02,0
3.304848e+01,1.267038e+02,0
3.305147e+01,1.267029e+02,0
3.305445e+01,1.267021e+02,0
3.305744e+01,1.267013e+02,0
3.306042e+01,1.267004e+02,0
3.306340e+01,1.266996e+02,0
3.306638e+01,1.266988e+02,0
3.306935e+01,1.266980e+02,0
3.307232e+01,1.266972e+02,0
3.307529e+01,1.266964e+02,0
3.307826e+01,1.266957e+02,0
3.308123e+01,1.266949e+02,0
3.308421e+01,1.266941e+02,0
3.308718e+01,1.266933e+02,0
3.309015e+01,1.266925e+02,0
3.309312e+01,1.266917e+02,0
3.309610e+01,1.266909e+02,0
3.309907e+01,1.266901e+02,0
3.310204e+01,1.266893e+02,0
3.310501e+01,1.266885e+02,0
3.310798e+01,1.266877e+02,0
3.311095e+01,1.266869e+02,0
3.311393e+01,1.266861e+02,0
3.311689e+01,1.266853e+02,0
3.311984e+01,1.266845e+02,0
3.312274e+01,1.266837e+02,0
3.312569e+01,1.266828e+02,0
3.312865e+01,1.266820e+02,0
3.313161e+01,1.266812e+02,0
3.313456e+01,1.266804e+02,0
3.313752e+01,1.266795e+02,0
3.314047e+01,1.266787e+02,0
3.314343e+01,1.266779e+02,0
3.314639e+01,1.266771e+02,0
3.314934e+01,1.266762e+02,0
3.315229e+01,1.266754e+02,0
3.315525e+01,1.266746e+02,0
3.315821e+01,1.266737e+02,0
3.316116e+01,1.266729e+02,0
3.316412e+01,1.266721e+02,0
3.316707e+01,1.266713e+02,0
3.317003e+01,1.266704e+02,0
3.317298e+01,1.266696e+02,0
3.317594e+01,1.266688e+02,0
3.317889e+01,1.266680e+02,0
3.318185e+01,1.266671e+02,0
3.318482e+01,1.266663e+02,0
3.318780e+01,1.266655e+02,0
3.319077e+01,1.266647e+02,0
3.319374e+01,1.266639e+02,0
3.319672e+01,1.266630e+02,0
3.319969e+01,1.266622e+02,0
3.320266e+01,1.266614e+02,0
3.320564e+01,1.266606e+02,0
3.320861e+01,1.266598e+02,0
3.321159e+01,1.266590e+02,0
3.321456e+01,1.266581e+02,0
3.321753e+01,1.266573e+02,0
3.322051e+01,1.266565e+02,0
3.322348e+01,1.266557e+02,0
3.322646e+01,1.266549e+02,0
3.322943e+01,1.266541e+02,0
3.323240e+01,1.266532e+02,0
3.323537e+01,1.266524e+02,0
3.323833e+01,1.266516e+02,0
3.324130e+01,1.266508e+02,0
3.324426e+01,1.266500e+02,0
3.324722e+01,1.266492e+02,0
3.325019e+01,1.266483e+02,0
3.325315e+01,1.266475e+02,0
3.325611e+01,1.266467e+02,0
3.325908e+01,1.266459e+02,0
3.326204e+01,1.266451e+02,0
3.326500e+01,1.266442e+02,0
3.326797e+01,1.266434e+02,0
3.327093e+01,1.266426e+02,0
3.327389e+01,1.266418e+02,0
3.327686e+01,1.266410e+02,0
3.327982e+01,1.266402e+02,0
3.328278e+01,1.266393e+02,0
3.328574e+01,1.266385e+02,0
3.328871e+01,1.266377e+02,0
3.329167e+01,1.266369e+02,0
3.329464e+01,1.266361e+02,0
3.329760e+01,1.266353e+02,0
3.330056e+01,1.266344e+02,0
3.330352e+01,1.266336e+02,0
3.330648e+01,1.266328e+02,0
3.330944e+01,1.266319e+02,0
3.331240e+01,1.266311e+02,0
3.331536e+01,1.266303e+02,0
3.331831e+01,1.266294e+02,0
3.332127e+01,1.266286e+02,0
3.332423e+01,1.266278e+02,0
3.332719e+01,1.266270e+02,0
3.333015e+01,1.266261e+02,0
3.333311e+01,1.266253e+02,0
3.333607e+01,1.266245e+02,0
3.333903e+01,1.266236e+02,0
3.334198e+01,1.266228e+02,0
3.334494e+01,1.266220e+02,0
3.334790e+01,1.266211e+02,0
3.335086e+01,1.266203e+02,0
3.335382e+01,1.266195e+02,0
3.335678e+01,1.266186e+02,0
3.335974e+01,1.266178e+02,0
3.336271e+01,1.266170e+02,0
3.336570e+01,1.266162e+02,0
3.336869e+01,1.266154e+02,0
3.337168e+01,1.266146e+02,0
3.337467e+01,1.266138e+02,0
3.337766e+01,1.266130e+02,0
3.338065e+01,1.266122e+02,0
3.338364e+01,1.266114e+02,0
3.338663e+01,1.266106e+02,0
3.338961e+01,1.266098e+02,0
3.339260e+01,1.266090e+02,0
3.339560e+01,1.266083e+02,0
3.339858e+01,1.266075e+02,0
3.340157e+01,1.266067e+02,0
3.340456e+01,1.266059e+02,0
3.340755e+01,1.266051e+02,0
3.341054e+01,1.266043e+02,0
3.341353e+01,1.266035e+02,0
3.341650e+01,1.266027e+02,0
3.341947e+01,1.266018e+02,0
3.342244e+01,1.266010e+02,0
3.342541e+01,1.266002e+02,0
3.342838e+01,1.265993e+02,0
3.343135e+01,1.265985e+02,0
3.343431e+01,1.265977e+02,0
3.343728e+01,1.265969e+02,0
3.344025e+01,1.265960e+02,0
3.344322e+01,1.265952e+02,0
3.344619e+01,1.265944e+02,0
3.344916e+01,1.265936e+02,0
3.345213e+01,1.265927e+02,0
3.345509e+01,1.265919e+02,0
3.345807e+01,1.265911e+02,0
3.346103e+01,1.265903e+02,0
3.346400e+01,1.265894e+02,0
3.346697e+01,1.265886e+02,0
3.346994e+01,1.265878e+02,0
3.347291e+01,1.265870e+02,0
3.347588e+01,1.265861e+02,0
3.347884e+01,1.265853e+02,0
3.348182e+01,1.265845e+02,0
3.348480e+01,1.265837e+02,0
3.348778e+01,1.265828e+02,0
3.349076e+01,1.265820e+02,0
3.349375e+01,1.265812e+02,0
3.349673e+01,1.265804e+02,0
3.349971e+01,1.265796e+02,0
3.350270e+01,1.265788e+02,0
3.350568e+01,1.265779e+02,0
3.350866e+01,1.265771e+02,0
3.351164e+01,1.265763e+02,0
3.351463e+01,1.265755e+02,0
3.351761e+01,1.265747e+02,0
3.352059e+01,1.265738e+02,0
3.352357e+01,1.265730e+02,0
3.352656e+01,1.265722e+02,0
3.352954e+01,1.265714e+02,0
3.353252e+01,1.265706e+02,0
3.353551e+01,1.265697e+02,0
3.353849e+01,1.265689e+02,0
3.354147e+01,1.265681e+02,0
3.354444e+01,1.265673e+02,0
3.354741e+01,1.265664e+02,0
3.355037e+01,1.265656e+02,0
3.355334e+01,1.265648e+02,0
3.355631e+01,1.265639e+02,0
3.355928e+01,1.265631e+02,0
3.356224e+01,1.265622e+02,0
3.356521e+01,1.265614e+02,0
3.356818e+01,1.265606e+02,0
3.357114e+01,1.265597e+02,0
3.357411e+01,1.265589e+02,0
3.357708e+01,1.265581e+02,0
3.358005e+01,1.265572e+02,0
3.358302e+01,1.265564e+02,0
3.358598e+01,1.265556e+02,0
3.358895e+01,1.265547e+02,0
3.359192e+01,1.265539e+02,0
3.359488e+01,1.265531e+02,0
3.359785e+01,1.265522e+02,0
3.360082e+01,1.265514e+02,0
3.360379e+01,1.265506e+02,0
3.360676e+01,1.265498e+02,0
3.360973e+01,1.265489e+02,0
3.361269e+01,1.265481e+02,0
3.361566e+01,1.265473e+02,0
3.361863e+01,1.265464e+02,0
3.362160e+01,1.265456e+02,0
3.362457e+01,1.265448e+02,0
3.362754e+01,1.265440e+02,0
3.363050e+01,1.265431e+02,0
3.363347e+01,1.265423e+02,0
3.363644e+01,1.265415e+02,0
3.363941e+01,1.265406e+02,0
3.364238e+01,1.265398e+02,0
3.364535e+01,1.265390e+02,0
3.364832e+01,1.265381e+02,0
3.365128e+01,1.265373e+02,0
3.365425e+01,1.265365e+02,0
3.365722e+01,1.265357e+02,0
3.366019e+01,1.265348e+02,0
3.366317e+01,1.265340e+02,0
3.366615e+01,1.265332e+02,0
3.366913e+01,1.265324e+02,0
3.367212e+01,1.265315e+02,0
3.367510e+01,1.265307e+02,0
3.367808e+01,1.265299e+02,0
3.368106e+01,1.265291e+02,0
3.368404e+01,1.265283e+02,0
3.368703e+01,1.265274e+02,0
3.369001e+01,1.265266e+02,0
3.369299e+01,1.265258e+02,0
3.369598e+01,1.265250e+02,0
3.369896e+01,1.265241e+02,0
3.370194e+01,1.265233e+02,0
3.370492e+01,1.265225e+02,0
3.370790e+01,1.265217e+02,0
3.371089e+01,1.265209e+02,0
3.371387e+01,1.265200e+02,0
3.371685e+01,1.265192e+02,0
3.371983e+01,1.265184e+02,0
3.372281e+01,1.265176e+02,0
3.372578e+01,1.265167e+02,0
3.372874e+01,1.265159e+02,0
3.373171e+01,1.265151e+02,0
3.373468e+01,1.265142e+02,0
3.373764e+01,1.265134e+02,0
3.374061e+01,1.265125e+02,0
3.374358e+01,1.265117e+02,0
3.374654e+01,1.265109e+02,0
3.374951e+01,1.265100e+02,0
3.375248e+01,1.265092e+02,0
3.375545e+01,1.265083e+02,0
3.375842e+01,1.265075e+02,0
3.376138e+01,1.265067e+02,0
3.376435e+01,1.265058e+02,0
3.376731e+01,1.265050e+02,0
3.377028e+01,1.265042e+02,0
3.377325e+01,1.265033e+02,0
3.377621e+01,1.265025e+02,0
3.377918e+01,1.265017e+02,0
3.378215e+01,1.265009e+02,0
3.378512e+01,1.265001e+02,0
3.378808e+01,1.264992e+02,0
3.379105e+01,1.264984e+02,0
3.379402e+01,1.264976e+02,0
3.379698e+01,1.264968e+02,0
3.379995e+01,1.264960e+02,0
3.380292e+01,1.264952e+02,0
3.380589e+01,1.264944e+02,0
3.380885e+01,1.264935e+02,0
3.381182e+01,1.264927e+02,0
3.381479e+01,1.264919e+02,0
3.381775e+01,1.264911e+02,0
3.382072e+01,1.264903e+02,0
3.382368e+01,1.264895e+02,0
3.382665e+01,1.264887e+02,0
3.382962e+01,1.264878e+02,0
3.383258e+01,1.264870e+02,0
3.383555e+01,1.264862e+02,0
3.383852e+01,1.264854e+02,0
3.384149e+01,1.264846e+02,0
3.384447e+01,1.264837e+02,0
3.384746e+01,1.264829e+02,0
3.385044e+01,1.264820e+02,0
3.385342e+01,1.264812e+02,0
3.385641e+01,1.264804e+02,0
3.385939e+01,1.264795e+02,0
3.386237e+01,1.264787e+02,0
3.386536e+01,1.264778e+02,0
3.386834e+01,1.264770e+02,0
3.387133e+01,1.264761e+02,0
3.387431e+01,1.264753e+02,0
3.387729e+01,1.264745e+02,0
3.388028e+01,1.264736e+02,0
3.388326e+01,1.264728e+02,0
3.388625e+01,1.264719e+02,0
3.388923e+01,1.264711e+02,0
3.389221e+01,1.264702e+02,0
3.389520e+01,1.264694e+02,0
3.389818e+01,1.264686e+02,0
3.390116e+01,1.264677e+02,0
3.390413e+01,1.264669e+02,0
3.390710e+01,1.264661e+02,0
3.391008e+01,1.264653e+02,0
3.391304e+01,1.264645e+02,0
3.391602e+01,1.264637e+02,0
3.391899e+01,1.264629e+02,0
3.392196e+01,1.264621e+02,0
3.392493e+01,1.264613e+02,0
3.392790e+01,1.264605e+02,0
3.393087e+01,1.264597e+02,0
3.393384e+01,1.264589e+02,0
3.393681e+01,1.264581e+02,0
3.393979e+01,1.264572e+02,0
3.394275e+01,1.264564e+02,0
3.394572e+01,1.264556e+02,0
3.394870e+01,1.264548e+02,0
3.395167e+01,1.264540e+02,0
3.395465e+01,1.264532e+02,0
3.395764e+01,1.264524e+02,0
3.396063e+01,1.264515e+02,0
3.396362e+01,1.264507e+02,0
3.396661e+01,1.264498e+02,0
3.396960e+01,1.264490e+02,0
3.397259e+01,1.264482e+02,0
3.397558e+01,1.264473e+02,0
3.397857e+01,1.264465e+02,0
3.398156e+01,1.264456e+02,0
3.398455e+01,1.264448e+02,0
3.398755e+01,1.264439e+02,0
3.399054e+01,1.264431e+02,0
3.399353e+01,1.264423e+02,0
3.399652e+01,1.264414e+02,0
3.399951e+01,1.264406e+02,0
3.400250e+01,1.264397e+02,0
3.400549e+01,1.264389e+02,0
3.400848e+01,1.264381e+02,0
3.401147e+01,1.264372e+02,0
3.401446e+01,1.264364e+02,0
3.401745e+01,1.264355e+02,0
3.402044e+01,1.264347e+02,0
3.402341e+01,1.264339e+02,0
3.402638e+01,1.264330e+02,0
3.402935e+01,1.264322e+02,0
3.403231e+01,1.264314e+02,0
3.403528e+01,1.264305e+02,0
3.403825e+01,1.264297e+02,0
3.404121e+01,1.264289e+02,0
3.404418e+01,1.264281e+02,0
3.404715e+01,1.264272e+02,0
3.405011e+01,1.264264e+02,0
3.405308e+01,1.264256e+02,0
3.405605e+01,1.264247e+02,0
3.405901e+01,1.264239e+02,0
3.406198e+01,1.264231e+02,0
3.406495e+01,1.264223e+02,0
3.406791e+01,1.264214e+02,0
3.407088e+01,1.264206e+02,0
3.407384e+01,1.264198e+02,0
3.407681e+01,1.264189e+02,0
3.407978e+01,1.264181e+02,0
3.408276e+01,1.264173e+02,0
3.408574e+01,1.264164e+02,0
3.408872e+01,1.264156e+02,0
3.409171e+01,1.264148e+02,0
3.409469e+01,1.264139e+02,0
3.409768e+01,1.264131e+02,0
3.410066e+01,1.264123e+02,0
3.410358e+01,1.264114e+02,0
3.410657e+01,1.264106e+02,0
3.410955e+01,1.264098e+02,0
3.411254e+01,1.264089e+02,0
3.411552e+01,1.264081e+02,0
3.411850e+01,1.264073e+02,0
3.412149e+01,1.264064e+02,0
3.412447e+01,1.264056e+02,0
3.412746e+01,1.264048e+02,0
3.413044e+01,1.264039e+02,0
3.413343e+01,1.264031e+02,0
3.413639e+01,1.264022e+02,0
3.413936e+01,1.264014e+02,0
3.414233e+01,1.264006e+02,0
3.414530e+01,1.263997e+02,0
3.414827e+01,1.263989e+02,0
3.415123e+01,1.263980e+02,0
3.415420e+01,1.263972e+02,0
3.415717e+01,1.263964e+02,0
3.416013e+01,1.263955e+02,0
3.416310e+01,1.263947e+02,0
3.416607e+01,1.263938e+02,0
3.416904e+01,1.263930e+02,0
3.417200e+01,1.263922e+02,0
3.417497e+01,1.263913e+02,0
3.417794e+01,1.263905e+02,0
3.418091e+01,1.263896e+02,0
3.418388e+01,1.263888e+02,0
3.418684e+01,1.263880e+02,0
3.418981e+01,1.263871e+02,0
3.419278e+01,1.263863e+02,0
3.419575e+01,1.263854e+02,0
3.419871e+01,1.263846e+02,0
3.420168e+01,1.263838e+02,0
3.420465e+01,1.263829e+02,0
3.420761e+01,1.263821e+02,0
3.421058e+01,1.263813e+02,0
3.421355e+01,1.263804e+02,0
3.421651e+01,1.263796e+02,0
3.421948e+01,1.263788e+02,0
3.422244e+01,1.263779e+02,0
3.422541e+01,1.263771e+02,0
3.422837e+01,1.263763e+02,0
3.423134e+01,1.263754e+02,0
3.423431e+01,1.263746e+02,0
3.423727e+01,1.263738e+02,0
3.424024e+01,1.263729e+02,0
3.424321e+01,1.263721e+02,0
3.424617e+01,1.263713e+02,0
3.424914e+01,1.263705e+02,0
3.425211e+01,1.263696e+02,0
3.425507e+01,1.263688e+02,0
3.425804e+01,1.263680e+02,0
3.426101e+01,1.263671e+02,0
3.426399e+01,1.263663e+02,0
3.426698e+01,1.263655e+02,0
3.426997e+01,1.263647e+02,0
3.427296e+01,1.263639e+02,0
3.427594e+01,1.263631e+02,0
3.427893e+01,1.263623e+02,0
3.428192e+01,1.263615e+02,0
3.428491e+01,1.263607e+02,0
3.428790e+01,1.263599e+02,0
3.429089e+01,1.263590e+02,0
3.429387e+01,1.263582e+02,0
3.429686e+01,1.263574e+02,0
3.429985e+01,1.263566e+02,0
3.430284e+01,1.263558e+02,0
3.430582e+01,1.263550e+02,0
3.430881e+01,1.263542e+02,0
3.431180e+01,1.263534e+02,0
3.431478e+01,1.263526e+02,0
3.431776e+01,1.263517e+02,0
3.432074e+01,1.263509e+02,0
3.432371e+01,1.263500e+02,0
3.432669e+01,1.263492e+02,0
3.432967e+01,1.263483e+02,0
3.433264e+01,1.263475e+02,0
3.433562e+01,1.263466e+02,0
3.433860e+01,1.263458e+02,0
3.434157e+01,1.263449e+02,0
3.434455e+01,1.263441e+02,0
3.434752e+01,1.263432e+02,0
3.435050e+01,1.263424e+02,0
3.435348e+01,1.263415e+02,0
3.435645e+01,1.263407e+02,0
3.435943e+01,1.263398e+02,0
3.436241e+01,1.263390e+02,0
3.436538e+01,1.263381e+02,0
3.436836e+01,1.263373e+02,0
3.437133e+01,1.263364e+02,0
3.437431e+01,1.263356e+02,0
3.437729e+01,1.263347e+02,0
3.438026e+01,1.263339e+02,0
3.438325e+01,1.263331e+02,0
3.438625e+01,1.263322e+02,0
3.438924e+01,1.263314e+02,0
3.439223e+01,1.263305e+02,0
3.439522e+01,1.263297e+02,0
3.439821e+01,1.263289e+02,0
3.440120e+01,1.263280e+02,0
3.440419e+01,1.263272e+02,0
3.440718e+01,1.263263e+02,0
3.441018e+01,1.263255e+02,0
3.441317e+01,1.263247e+02,0
3.441616e+01,1.263238e+02,0
3.441915e+01,1.263230e+02,0
3.442214e+01,1.263222e+02,0
3.442514e+01,1.263213e+02,0
3.442813e+01,1.263205e+02,0
3.443112e+01,1.263196e+02,0
3.443411e+01,1.263188e+02,0
3.443710e+01,1.263180e+02,0
3.444009e+01,1.263171e+02,0
3.444307e+01,1.263163e+02,0
3.444604e+01,1.263155e+02,0
3.444902e+01,1.263146e+02,0
3.445199e+01,1.263138e+02,0
3.445496e+01,1.263130e+02,0
3.445793e+01,1.263121e+02,0
3.446090e+01,1.263113e+02,0
3.446387e+01,1.263104e+02,0
3.446685e+01,1.263096e+02,0
3.446982e+01,1.263088e+02,0
3.447279e+01,1.263079e+02,0
3.447576e+01,1.263071e+02,0
3.447873e+01,1.263063e+02,0
3.448170e+01,1.263054e+02,0
3.448468e+01,1.263046e+02,0
3.448765e+01,1.263038e+02,0
3.449062e+01,1.263029e+02,0
3.449360e+01,1.263021e+02,0
3.449657e+01,1.263013e+02,0
3.449955e+01,1.263004e+02,0
3.450254e+01,1.262996e+02,0
3.450552e+01,1.262987e+02,0
3.450850e+01,1.262979e+02,0
3.451148e+01,1.262971e+02,0
3.451446e+01,1.262962e+02,0
3.451744e+01,1.262954e+02,0
3.452042e+01,1.262945e+02,0
3.452340e+01,1.262937e+02,0
3.452638e+01,1.262929e+02,0
3.452936e+01,1.262920e+02,0
3.453234e+01,1.262912e+02,0
3.453532e+01,1.262903e+02,0
3.453830e+01,1.262895e+02,0
3.454129e+01,1.262887e+02,0
3.454427e+01,1.262878e+02,0
3.454725e+01,1.262870e+02,0
3.455023e+01,1.262861e+02,0
3.455321e+01,1.262853e+02,0
3.455619e+01,1.262845e+02,0
3.455917e+01,1.262836e+02,0
3.456215e+01,1.262828e+02,0
3.456513e+01,1.262819e+02,0
3.456811e+01,1.262811e+02,0
3.457109e+01,1.262803e+02,0
3.457407e+01,1.262794e+02,0
3.457706e+01,1.262786e+02,0
3.458004e+01,1.262778e+02,0
3.458302e+01,1.262769e+02,0
3.458600e+01,1.262761e+02,0
3.458898e+01,1.262753e+02,0
3.459196e+01,1.262744e+02,0
3.459494e+01,1.262736e+02,0
3.459792e+01,1.262728e+02,0
3.460090e+01,1.262719e+02,0
3.460389e+01,1.262711e+02,0
3.460686e+01,1.262703e+02,0
3.460985e+01,1.262694e+02,0
3.461283e+01,1.262686e+02,0
3.461581e+01,1.262677e+02,0
3.461879e+01,1.262669e+02,0
3.462177e+01,1.262661e+02,0
3.462475e+01,1.262652e+02,0
3.462772e+01,1.262644e+02,0
3.463070e+01,1.262635e+02,0
3.463368e+01,1.262626e+02,0
3.463666e+01,1.262618e+02,0
3.463963e+01,1.262609e+02,0
3.464261e+01,1.262601e+02,0
3.464559e+01,1.262592e+02,0
3.464857e+01,1.262583e+02,0
3.465154e+01,1.262575e+02,0
3.465452e+01,1.262566e+02,0
3.465750e+01,1.262558e+02,0
3.466048e+01,1.262549e+02,0
3.466345e+01,1.262541e+02,0
3.466643e+01,1.262532e+02,0
3.466941e+01,1.262523e+02,0
3.467239e+01,1.262515e+02,0
3.467537e+01,1.262506e+02,0
3.467836e+01,1.262498e+02,0
3.468136e+01,1.262489e+02,0
3.468435e+01,1.262481e+02,0
3.468735e+01,1.262473e+02,0
3.469034e+01,1.262464e+02,0
3.469334e+01,1.262456e+02,0
3.469633e+01,1.262447e+02,0
3.469933e+01,1.262439e+02,0
3.470232e+01,1.262431e+02,0
3.470531e+01,1.262422e+02,0
3.470831e+01,1.262414e+02,0
3.471130e+01,1.262405e+02,0
3.471429e+01,1.262397e+02,0
3.471729e+01,1.262389e+02,0
3.472028e+01,1.262380e+02,0
3.472328e+01,1.262372e+02,0
3.472627e+01,1.262363e+02,0
3.472927e+01,1.262355e+02,0
3.473226e+01,1.262346e+02,0
3.473526e+01,1.262338e+02,0
3.473825e+01,1.262330e+02,0
3.474124e+01,1.262321e+02,0
3.474421e+01,1.262313e+02,0
3.474718e+01,1.262304e+02,0
3.475014e+01,1.262296e+02,0
3.475311e+01,1.262288e+02,0
3.475608e+01,1.262279e+02,0
3.475904e+01,1.262271e+02,0
3.476200e+01,1.262262e+02,0
3.476497e+01,1.262254e+02,0
3.476794e+01,1.262246e+02,0
3.477090e+01,1.262237e+02,0
3.477387e+01,1.262229e+02,0
3.477683e+01,1.262220e+02,0
3.477980e+01,1.262212e+02,0
3.478276e+01,1.262204e+02,0
3.478573e+01,1.262195e+02,0
3.478869e+01,1.262187e+02,0
3.479166e+01,1.262178e+02,0
3.479462e+01,1.262170e+02,0
3.479759e+01,1.262162e+02,0
3.480056e+01,1.262153e+02,0
3.480354e+01,1.262145e+02,0
3.480653e+01,1.262136e+02,0
3.480953e+01,1.262128e+02,0
3.481252e+01,1.262119e+02,0
3.481552e+01,1.262110e+02,0
3.481851e+01,1.262102e+02,0
3.482151e+01,1.262093e+02,0
3.482450e+01,1.262085e+02,0
3.482750e+01,1.262076e+02,0
3.483049e+01,1.262067e+02,0
3.483348e+01,1.262059e+02,0
3.483648e+01,1.262050e+02,0
3.483947e+01,1.262042e+02,0
3.484247e+01,1.262033e+02,0
3.484546e+01,1.262025e+02,0
3.484846e+01,1.262016e+02,0
3.485145e+01,1.262007e+02,0
3.485445e+01,1.261999e+02,0
3.485743e+01,1.261990e+02,0
3.486040e+01,1.261982e+02,0
3.486338e+01,1.261974e+02,0
3.486636e+01,1.261966e+02,0
3.486934e+01,1.261957e+02,0
3.487232e+01,1.261949e+02,0
3.487530e+01,1.261941e+02,0
3.487828e+01,1.261932e+02,0
3.488126e+01,1.261924e+02,0
3.488424e+01,1.261916e+02,0
3.488721e+01,1.261908e+02,0
3.489019e+01,1.261899e+02,0
3.489317e+01,1.261891e+02,0
3.489615e+01,1.261883e+02,0
3.489913e+01,1.261874e+02,0
3.490211e+01,1.261866e+02,0
3.490509e+01,1.261858e+02,0
3.490807e+01,1.261850e+02,0
3.491105e+01,1.261841e+02,0
3.491402e+01,1.261833e+02,0
3.491700e+01,1.261825e+02,0
3.491998e+01,1.261816e+02,0
3.492296e+01,1.261808e+02,0
3.492596e+01,1.261799e+02,0
3.492895e+01,1.261791e+02,0
3.493195e+01,1.261782e+02,0
3.493494e+01,1.261774e+02,0
3.493793e+01,1.261765e+02,0
3.494093e+01,1.261756e+02,0
3.494392e+01,1.261748e+02,0
3.494692e+01,1.261739e+02,0
3.494991e+01,1.261730e+02,0
3.495291e+01,1.261722e+02,0
3.495590e+01,1.261713e+02,0
3.495890e+01,1.261705e+02,0
3.496189e+01,1.261696e+02,0
3.496489e+01,1.261687e+02,0
3.496788e+01,1.261679e+02,0
3.497087e+01,1.261670e+02,0
3.497387e+01,1.261662e+02,0
3.497685e+01,1.261653e+02,0
3.497984e+01,1.261645e+02,0
3.498281e+01,1.261636e+02,0
3.498579e+01,1.261628e+02,0
3.498877e+01,1.261619e+02,0
3.499175e+01,1.261611e+02,0
3.499474e+01,1.261602e+02,0
3.499771e+01,1.261594e+02,0
3.500069e+01,1.261585e+02,0
3.500367e+01,1.261577e+02,0
3.500665e+01,1.261568e+02,0
3.500964e+01,1.261560e+02,0
3.501262e+01,1.261551e+02,0
3.501559e+01,1.261543e+02,0
3.501857e+01,1.261534e+02,0
3.502155e+01,1.261526e+02,0
3.502453e+01,1.261517e+02,0
3.502752e+01,1.261509e+02,0
3.503049e+01,1.261500e+02,0
3.503347e+01,1.261492e+02,0
3.503645e+01,1.261484e+02,0
3.503943e+01,1.261475e+02,0
3.504241e+01,1.261467e+02,0
3.504537e+01,1.261458e+02,0
3.504832e+01,1.261450e+02,0
3.505128e+01,1.261441e+02,0
3.505423e+01,1.261433e+02,0
3.505719e+01,1.261425e+02,0
3.506014e+01,1.261416e+02,0
3.506310e+01,1.261408e+02,0
3.506605e+01,1.261400e+02,0
3.506900e+01,1.261391e+02,0
3.507196e+01,1.261383e+02,0
3.507491e+01,1.261374e+02,0
3.507787e+01,1.261366e+02,0
3.508082e+01,1.261358e+02,0
3.508378e+01,1.261349e+02,0
3.508673e+01,1.261341e+02,0
3.508969e+01,1.261333e+02,0
3.509264e+01,1.261324e+02,0
3.509560e+01,1.261316e+02,0
3.509855e+01,1.261307e+02,0
3.510151e+01,1.261299e+02,0
3.510447e+01,1.261291e+02,0
3.510743e+01,1.261282e+02,0
3.511039e+01,1.261274e+02,0
3.511335e+01,1.261266e+02,0
3.511632e+01,1.261257e+02,0
3.511928e+01,1.261249e+02,0
3.512224e+01,1.261240e+02,0
3.512521e+01,1.261232e+02,0
3.512817e+01,1.261224e+02,0
3.513113e+01,1.261215e+02,0
3.513409e+01,1.261207e+02,0
3.513706e+01,1.261199e+02,0
3.514002e+01,1.261190e+02,0
3.514298e+01,1.261182e+02,0
3.514595e+01,1.261173e+02,0
3.514891e+01,1.261165e+02,0
3.515187e+01,1.261157e+02,0
3.515483e+01,1.261148e+02,0
3.515778e+01,1.261140e+02,0
3.516074e+01,1.261131e+02,0
3.516369e+01,1.261123e+02,0
3.516664e+01,1.261114e+02,0
3.516959e+01,1.261105e+02,0
3.517255e+01,1.261097e+02,0
3.517550e+01,1.261088e+02,0
3.517845e+01,1.261080e+02,0
3.518140e+01,1.261071e+02,0
3.518436e+01,1.261063e+02,0
3.518731e+01,1.261054e+02,0
3.519026e+01,1.261045e+02,0
3.519321e+01,1.261037e+02,0
3.519616e+01,1.261028e+02,0
3.519912e+01,1.261020e+02,0
3.520207e+01,1.261011e+02,0
3.520502e+01,1.261003e+02,0
3.520797e+01,1.260994e+02,0
3.521092e+01,1.260985e+02,0
3.521387e+01,1.260977e+02,0
3.521683e+01,1.260968e+02,0
3.521978e+01,1.260960e+02,0
3.522274e+01,1.260951e+02,0
3.522570e+01,1.260943e+02,0
3.522867e+01,1.260934e+02,0
3.523163e+01,1.260926e+02,0
3.523460e+01,1.260917e+02,0
3.523756e+01,1.260909e+02,0
3.524052e+01,1.260900e+02,0
3.524349e+01,1.260892e+02,0
3.524646e+01,1.260883e+02,0
3.524942e+01,1.260875e+02,0
3.525238e+01,1.260866e+02,0
3.525535e+01,1.260858e+02,0
3.525831e+01,1.260849e+02,0
3.526128e+01,1.260841e+02,0
3.526424e+01,1.260833e+02,0
3.526720e+01,1.260824e+02,0
3.527017e+01,1.260816e+02,0
3.527314e+01,1.260807e+02,0
3.527610e+01,1.260799e+02,0
3.527906e+01,1.260790e+02,0
3.528203e+01,1.260782e+02,0
3.528499e+01,1.260773e+02,0
3.528795e+01,1.260765e+02,0
3.529092e+01,1.260756e+02,0
3.529388e+01,1.260748e+02,0
3.529684e+01,1.260740e+02,0
3.529980e+01,1.260731e+02,0
3.530276e+01,1.260723e+02,0
3.530573e+01,1.260714e+02,0
3.530869e+01,1.260706e+02,0
3.531165e+01,1.260698e+02,0
3.531462e+01,1.260689e+02,0
3.531758e+01,1.260681e+02,0
3.532054e+01,1.260672e+02,0
3.532351e+01,1.260664e+02,0
3.532647e+01,1.260656e+02,0
3.532943e+01,1.260647e+02,0
3.533239e+01,1.260639e+02,0
3.533537e+01,1.260630e+02,0
3.533834e+01,1.260622e+02,0
3.534132e+01,1.260613e+02,0
3.534430e+01,1.260605e+02,0
3.534728e+01,1.260596e+02,0
3.535026e+01,1.260588e+02,0
3.535324e+01,1.260579e+02,0
3.535622e+01,1.260571e+02,0
3.535920e+01,1.260562e+02,0
3.536218e+01,1.260554e+02,0
3.536516e+01,1.260545e+02,0
3.536814e+01,1.260537e+02,0
3.537112e+01,1.260528e+02,0
3.537410e+01,1.260519e+02,0
3.537708e+01,1.260511e+02,0
3.538006e+01,1.260502e+02,0
3.538304e+01,1.260494e+02,0
3.538602e+01,1.260485e+02,0
3.538900e+01,1.260477e+02,0
3.539198e+01,1.260468e+02,0
3.539495e+01,1.260460e+02,0
3.539793e+01,1.260451e+02,0
3.540091e+01,1.260443e+02,0
3.540387e+01,1.260434e+02,0
3.540683e+01,1.260425e+02,0
3.540979e+01,1.260417e+02,0
3.541275e+01,1.260408e+02,0
3.541571e+01,1.260400e+02,0
3.541867e+01,1.260391e+02,0
3.542162e+01,1.260382e+02,0
3.542458e+01,1.260374e+02,0
3.542754e+01,1.260365e+02,0
3.543050e+01,1.260356e+02,0
3.543346e+01,1.260348e+02,0
3.543642e+01,1.260339e+02,0
3.543938e+01,1.260331e+02,0
3.544234e+01,1.260322e+02,0
3.544529e+01,1.260313e+02,0
3.544825e+01,1.260305e+02,0
3.545121e+01,1.260296e+02,0
3.545417e+01,1.260287e+02,0
3.545713e+01,1.260279e+02,0
3.546009e+01,1.260270e+02,0
3.546305e+01,1.260262e+02,0
3.546602e+01,1.260254e+02,0
3.546899e+01,1.260245e+02,0
3.547196e+01,1.260237e+02,0
3.547493e+01,1.260229e+02,0
3.547790e+01,1.260220e+02,0
3.548087e+01,1.260212e+02,0
3.548383e+01,1.260204e+02,0
3.548680e+01,1.260196e+02,0
3.548977e+01,1.260187e+02,0
3.549274e+01,1.260179e+02,0
3.549571e+01,1.260171e+02,0
3.549868e+01,1.260162e+02,0
3.550164e+01,1.260154e+02,0
3.550461e+01,1.260146e+02,0
3.550758e+01,1.260138e+02,0
3.551055e+01,1.260129e+02,0
3.551352e+01,1.260121e+02,0
3.551649e+01,1.260112e+02,0
3.551947e+01,1.260104e+02,0
3.552244e+01,1.260095e+02,0
3.552542e+01,1.260086e+02,0
3.552839e+01,1.260078e+02,0
3.553136e+01,1.260069e+02,0
3.553434e+01,1.260060e+02,0
3.553732e+01,1.260052e+02,0
3.554029e+01,1.260043e+02,0
3.554326e+01,1.260034e+02,0
3.554624e+01,1.260026e+02,0
3.554921e+01,1.260017e+02,0
3.555219e+01,1.260008e+02,0
3.555516e+01,1.260000e+02,0
3.555814e+01,1.259991e+02,0
3.556111e+01,1.259982e+02,0
3.556408e+01,1.259974e+02,0
3.556706e+01,1.259965e+02,0
3.557003e+01,1.259956e+02,0
3.557301e+01,1.259947e+02,0
3.557592e+01,1.259939e+02,0
3.557890e+01,1.259930e+02,0
3.558187e+01,1.259922e+02,0
3.558485e+01,1.259913e+02,0
3.558783e+01,1.259905e+02,0
3.559081e+01,1.259896e+02,0
3.559379e+01,1.259888e+02,0
3.559677e+01,1.259879e+02,0
3.559975e+01,1.259871e+02,0
3.560273e+01,1.259862e+02,0
3.560571e+01,1.259854e+02,0
3.560868e+01,1.259845e+02,0
3.561166e+01,1.259837e+02,0
3.561464e+01,1.259828e+02,0
3.561762e+01,1.259820e+02,0
3.562060e+01,1.259811e+02,0
3.562358e+01,1.259803e+02,0
3.562656e+01,1.259794e+02,0
3.562954e+01,1.259786e+02,0
3.563252e+01,1.259777e+02,0
3.563550e+01,1.259769e+02,0
3.563848e+01,1.259760e+02,0
3.564145e+01,1.259752e+02,0
3.564441e+01,1.259743e+02,0
3.564738e+01,1.259735e+02,0
3.565034e+01,1.259726e+02,0
3.565330e+01,1.259718e+02,0
3.565626e+01,1.259709e+02,0
3.565922e+01,1.259701e+02,0
3.566219e+01,1.259692e+02,0
3.566515e+01,1.259684e+02,0
3.566811e+01,1.259675e+02,0
3.567107e+01,1.259667e+02,0
3.567403e+01,1.259659e+02,0
3.567699e+01,1.259650e+02,0
3.567996e+01,1.259642e+02,0
3.568292e+01,1.259633e+02,0
3.568588e+01,1.259625e+02,0
3.568884e+01,1.259616e+02,0
3.569180e+01,1.259608e+02,0
3.569477e+01,1.259599e+02,0
3.569773e+01,1.259591e+02,0
3.570070e+01,1.259582e+02,0
3.570366e+01,1.259573e+02,0
3.570663e+01,1.259565e+02,0
3.570959e+01,1.259556e+02,0
3.571256e+01,1.259548e+02,0
3.571552e+01,1.259539e+02,0
3.571849e+01,1.259530e+02,0
3.572145e+01,1.259522e+02,0
3.572442e+01,1.259513e+02,0
3.572739e+01,1.259505e+02,0
3.573035e+01,1.259496e+02,0
3.573331e+01,1.259487e+02,0
3.573628e+01,1.259479e+02,0
3.573925e+01,1.259470e+02,0
3.574221e+01,1.259462e+02,0
3.574517e+01,1.259453e+02,0
3.574814e+01,1.259444e+02,0
3.575111e+01,1.259436e+02,40
3.575407e+01,1.259427e+02,40
3.575703e+01,1.259418e+02,0
3.576000e+01,1.259410e+02,0
3.576297e+01,1.259401e+02,0
3.576595e+01,1.259393e+02,0
3.576892e+01,1.259384e+02,0
3.577190e+01,1.259375e+02,0
3.577487e+01,1.259367e+02,0
3.577784e+01,1.259358e+02,0
3.578082e+01,1.259349e+02,0
3.578379e+01,1.259341e+02,0
3.578676e+01,1.259332e+02,0
3.578974e+01,1.259323e+02,0
3.579271e+01,1.259315e+02,0
3.579568e+01,1.259306e+02,0
3.579866e+01,1.259297e+02,0
3.580163e+01,1.259289e+02,0
3.580460e+01,1.259280e+02,0
3.580758e+01,1.259271e+02,40
3.581055e+01,1.259263e+02,40
3.581353e+01,1.259254e+02,40
3.581650e+01,1.259245e+02,40
3.581947e+01,1.259237e+02,40
3.582245e+01,1.259228e+02,40
3.582544e+01,1.259219e+02,40
3.582841e+01,1.259211e+02,40
3.583140e+01,1.259202e+02,40
3.583438e+01,1.259193e+02,40
3.583736e+01,1.259185e+02,40
3.584034e+01,1.259176e+02,40
3.584332e+01,1.259168e+02,40
3.584631e+01,1.259159e+02,40
3.584929e+01,1.259150e+02,40
3.585227e+01,1.259142e+02,40
3.585525e+01,1.259133e+02,40
3.585823e+01,1.259124e+02,40
3.586121e+01,1.259116e+02,70
3.586419e+01,1.259107e+02,40
3.586717e+01,1.259098e+02,40
3.587016e+01,1.259090e+02,40
3.587314e+01,1.259081e+02,40
3.587613e+01,1.259073e+02,40
3.587911e+01,1.259064e+02,40
3.588210e+01,1.259056e+02,40
3.588508e+01,1.259047e+02,40
3.588807e+01,1.259038e+02,40
3.589105e+01,1.259030e+02,40
3.589404e+01,1.259021e+02,70
3.589703e+01,1.259013e+02,70
3.590001e+01,1.259004e+02,70
3.590300e+01,1.258996e+02,70
3.590598e+01,1.258987e+02,70
3.590897e+01,1.258979e+02,70
3.591195e+01,1.258970e+02,70
3.591494e+01,1.258962e+02,70
3.591793e+01,1.258953e+02,70
3.592091e+01,1.258944e+02,70
3.592390e+01,1.258936e+02,70
3.592688e+01,1.258927e+02,70
3.592987e+01,1.258919e+02,70
3.593286e+01,1.258910e+02,70
3.593584e+01,1.258902e+02,70
3.593883e+01,1.258893e+02,70
3.594180e+01,1.258885e+02,70
3.594476e+01,1.258876e+02,100
3.594773e+01,1.258867e+02,100
3.595069e+01,1.258859e+02,70
3.595366e+01,1.258850e+02,70
3.595662e+01,1.258842e+02,70
3.595958e+01,1.258833e+02,70
3.596254e+01,1.258825e+02,70
3.596551e+01,1.258816e+02,100
3.596847e+01,1.258807e+02,100
3.597144e+01,1.258799e+02,100
3.597440e+01,1.258790e+02,100
3.597736e+01,1.258782e+02,100
3.598032e+01,1.258773e+02,100
3.598329e+01,1.258764e+02,100
3.598625e+01,1.258756e+02,100
3.598921e+01,1.258747e+02,100
3.599218e+01,1.258739e+02,100
3.599514e+01,1.258730e+02,100
3.599810e+01,1.258722e+02,100
3.600107e+01,1.258713e+02,100
3.600406e+01,1.258704e+02,130
3.600703e+01,1.258695e+02,130
3.601001e+01,1.258687e+02,100
3.601300e+01,1.258678e+02,100
3.601598e+01,1.258669e+02,100
3.601896e+01,1.258661e+02,100
3.602194e+01,1.258652e+02,100
3.602492e+01,1.258643e+02,100
3.602790e+01,1.258634e+02,100
3.603088e+01,1.258626e+02,100
3.603386e+01,1.258617e+02,130
3.603684e+01,1.258608e+02,130
3.603983e+01,1.258600e+02,130
3.604280e+01,1.258591e+02,130
3.604579e+01,1.258582e+02,130
3.604877e+01,1.258574e+02,100
3.605175e+01,1.258565e+02,100
3.605471e+01,1.258556e+02,100
3.605768e+01,1.258548e+02,100
3.606064e+01,1.258539e+02,100
3.606361e+01,1.258531e+02,190
3.606657e+01,1.258522e+02,100
3.606953e+01,1.258514e+02,100
3.607249e+01,1.258505e+02,100
3.607545e+01,1.258497e+02,100
3.607842e+01,1.258488e+02,100
3.608138e+01,1.258480e+02,100
3.608435e+01,1.258471e+02,100
3.608731e+01,1.258463e+02,100
3.609027e+01,1.258454e+02,100
3.609324e+01,1.258446e+02,100
3.609620e+01,1.258437e+02,100
3.609916e+01,1.258429e+02,100
3.610212e+01,1.258420e+02,220
3.610509e+01,1.258412e+02,100
3.610805e+01,1.258403e+02,100
3.611101e+01,1.258395e+02,100
3.611398e+01,1.258386e+02,130
3.611694e+01,1.258378e+02,130
3.611990e+01,1.258369e+02,130
3.612288e+01,1.258361e+02,100
3.612585e+01,1.258352e+02,130
3.612882e+01,1.258343e+02,130
3.613179e+01,1.258334e+02,130
3.613477e+01,1.258326e+02,160
3.613774e+01,1.258317e+02,160
3.614071e+01,1.258308e+02,160
3.614368e+01,1.258300e+02,130
3.614666e+01,1.258291e+02,130
3.614963e+01,1.258282e+02,130
3.615260e+01,1.258273e+02,130
3.615557e+01,1.258265e+02,130
3.615855e+01,1.258256e+02,130
3.616152e+01,1.258247e+02,130
3.616449e+01,1.258239e+02,130
3.616747e+01,1.258230e+02,130
3.617044e+01,1.258221e+02,130
3.617341e+01,1.258212e+02,130
3.617639e+01,1.258204e+02,130
3.617936e+01,1.258195e+02,130
3.618234e+01,1.258186e+02,130
3.618532e+01,1.258177e+02,130
3.618830e+01,1.258169e+02,130
3.619128e+01,1.258160e+02,130
3.619426e+01,1.258151e+02,130
3.619724e+01,1.258143e+02,130
3.620023e+01,1.258134e+02,130
3.620321e+01,1.258125e+02,130
3.620618e+01,1.258117e+02,130
3.620917e+01,1.258108e+02,160
3.621215e+01,1.258099e+02,160
3.621513e+01,1.258091e+02,160
3.621811e+01,1.258082e+02,160
3.622109e+01,1.258073e+02,160
3.622407e+01,1.258064e+02,160
3.622705e+01,1.258056e+02,160
3.623003e+01,1.258047e+02,160
3.623301e+01,1.258038e+02,160
3.623597e+01,1.258030e+02,160
3.623893e+01,1.258021e+02,160
3.624190e+01,1.258013e+02,160
3.624486e+01,1.258004e+02,160
3.624782e+01,1.257996e+02,160
3.625078e+01,1.257987e+02,160
3.625375e+01,1.257978e+02,160
3.625671e+01,1.257970e+02,160
3.625967e+01,1.257961e+02,160
3.626263e+01,1.257953e+02,160
3.626559e+01,1.257944e+02,160
3.626856e+01,1.257936e+02,160
3.627152e+01,1.257927e+02,160
3.627448e+01,1.257919e+02,160
3.627745e+01,1.257910e+02,160
3.628041e+01,1.257901e+02,160
3.628337e+01,1.257893e+02,160
3.628633e+01,1.257884e+02,160
3.628930e+01,1.257876e+02,160
3.629226e+01,1.257867e+02,160
3.629522e+01,1.257859e+02,160
3.629818e+01,1.257850e+02,160
3.630116e+01,1.257841e+02,160
3.630415e+01,1.257833e+02,160
3.630714e+01,1.257824e+02,160
3.631012e+01,1.257815e+02,160
3.631311e+01,1.257807e+02,160
3.631610e+01,1.257798e+02,160
3.631909e+01,1.257789e+02,160
3.632208e+01,1.257781e+02,160
3.632507e+01,1.257772e+02,160
3.632805e+01,1.257763e+02,160
3.633104e+01,1.257754e+02,160
3.633403e+01,1.257746e+02,160
3.633702e+01,1.257737e+02,160
3.634001e+01,1.257728e+02,160
3.634299e+01,1.257720e+02,160
3.634598e+01,1.257711e+02,160
3.634897e+01,1.257702e+02,160
3.635196e+01,1.257694e+02,160
3.635495e+01,1.257685e+02,160
3.635794e+01,1.257676e+02,160
3.636091e+01,1.257667e+02,160
3.636388e+01,1.257659e+02,160
3.636684e+01,1.257650e+02,160
3.636980e+01,1.257641e+02,160
3.637276e+01,1.257632e+02,160
3.637573e+01,1.257624e+02,160
3.637869e+01,1.257615e+02,160
3.638165e+01,1.257606e+02,160
3.638461e+01,1.257597e+02,160
3.638758e+01,1.257588e+02,160
3.639054e+01,1.257580e+02,160
3.639350e+01,1.257571e+02,160
3.639647e+01,1.257562e+02,160
3.639943e+01,1.257553e+02,160
3.640239e+01,1.257544e+02,160
3.640535e+01,1.257536e+02,160
3.640832e+01,1.257527e+02,160
3.641128e+01,1.257518e+02,160
3.641425e+01,1.257509e+02,160
3.641723e+01,1.257501e+02,160
3.642020e+01,1.257492e+02,160
3.642318e+01,1.257484e+02,160
3.642616e+01,1.257475e+02,160
3.642913e+01,1.257467e+02,160
3.643211e+01,1.257458e+02,160
3.643509e+01,1.257450e+02,160
3.643806e+01,1.257441e+02,160
3.644104e+01,1.257433e+02,160
3.644401e+01,1.257424e+02,160
3.644699e+01,1.257415e+02,160
3.644996e+01,1.257407e+02,160
3.645294e+01,1.257398e+02,160
3.645592e+01,1.257390e+02,160
3.645889e+01,1.257381e+02,160
3.646187e+01,1.257373e+02,160
3.646484e+01,1.257364e+02,160
3.646782e+01,1.257356e+02,160
3.647079e+01,1.257347e+02,160
3.647377e+01,1.257339e+02,160
3.647675e+01,1.257330e+02,160
3.647972e+01,1.257321e+02,160
3.648271e+01,1.257312e+02,160
3.648569e+01,1.257303e+02,160
3.648868e+01,1.257294e+02,160
3.649166e+01,1.257285e+02,160
3.649464e+01,1.257276e+02,160
3.649763e+01,1.257267e+02,160
3.650061e+01,1.257258e+02,160
3.650360e+01,1.257249e+02,160
3.650658e+01,1.257240e+02,160
3.650957e+01,1.257231e+02,160
3.651255e+01,1.257222e+02,160
3.651553e+01,1.257213e+02,160
3.651852e+01,1.257204e+02,160
3.652150e+01,1.257195e+02,160
3.652449e+01,1.257186e+02,160
3.652747e+01,1.257177e+02,160
3.653046e+01,1.257168e+02,160
3.653344e+01,1.257159e+02,160
3.653642e+01,1.257150e+02,160
3.653941e+01,1.257141e+02,160
3.654240e+01,1.257132e+02,160
3.654540e+01,1.257124e+02,160
3.654839e+01,1.257115e+02,160
3.655139e+01,1.257107e+02,160
3.655439e+01,1.257098e+02,160
3.655732e+01,1.257090e+02,160
3.656032e+01,1.257081e+02,160
3.656331e+01,1.257073e+02,160
3.656631e+01,1.257064e+02,160
3.656931e+01,1.257056e+02,160
3.657230e+01,1.257047e+02,160
3.657530e+01,1.257039e+02,160
3.657829e+01,1.257030e+02,160
3.658129e+01,1.257022e+02,160
3.658429e+01,1.257013e+02,160
3.658728e+01,1.257005e+02,190
3.659027e+01,1.256996e+02,190
3.659327e+01,1.256987e+02,190
3.659624e+01,1.256979e+02,160
3.659921e+01,1.256970e+02,160
3.660218e+01,1.256961e+02,160
3.660516e+01,1.256952e+02,190
3.660813e+01,1.256943e+02,160
3.661110e+01,1.256934e+02,160
3.661407e+01,1.256926e+02,160
3.661705e+01,1.256917e+02,160
3.662002e+01,1.256908e+02,190
3.662299e+01,1.256899e+02,190
3.662596e+01,1.256890e+02,160
3.662893e+01,1.256881e+02,0
3.663190e+01,1.256872e+02,0
3.663488e+01,1.256864e+02,0
3.663785e+01,1.256855e+02,0
3.664082e+01,1.256846e+02,0
3.664380e+01,1.256837e+02,0
3.664677e+01,1.256828e+02,0
3.664974e+01,1.256819e+02,0
3.665271e+01,1.256810e+02,0
3.665569e+01,1.256802e+02,0
3.665866e+01,1.256793e+02,160
3.666163e+01,1.256784e+02,160
3.666461e+01,1.256775e+02,160
3.666759e+01,1.256767e+02,160
3.667057e+01,1.256758e+02,160
3.667354e+01,1.256749e+02,160
3.667652e+01,1.256741e+02,130
3.667950e+01,1.256732e+02,130
3.668248e+01,1.256723e+02,160
3.668545e+01,1.256714e+02,160
3.668843e+01,1.256706e+02,160
3.669141e+01,1.256697e+02,160
3.669439e+01,1.256688e+02,160
3.669736e+01,1.256680e+02,160
3.670034e+01,1.256671e+02,190
3.670332e+01,1.256662e+02,190
3.670630e+01,1.256654e+02,190
3.670927e+01,1.256645e+02,190
3.671225e+01,1.256636e+02,190
3.671523e+01,1.256628e+02,190
3.671820e+01,1.256619e+02,190
3.672119e+01,1.256610e+02,190
3.672417e+01,1.256602e+02,190
3.672717e+01,1.256593e+02,190
3.673016e+01,1.256584e+02,190
3.673314e+01,1.256575e+02,190
3.673613e+01,1.256567e+02,190
3.673912e+01,1.256558e+02,160
3.674211e+01,1.256549e+02,160
3.674510e+01,1.256541e+02,190
3.674809e+01,1.256532e+02,190
3.675108e+01,1.256523e+02,190
3.675407e+01,1.256515e+02,190
3.675706e+01,1.256506e+02,190
3.676004e+01,1.256497e+02,190
3.676303e+01,1.256489e+02,190
3.676603e+01,1.256480e+02,190
3.676901e+01,1.256471e+02,190
3.677200e+01,1.256462e+02,190
3.677498e+01,1.256454e+02,190
3.677796e+01,1.256445e+02,190
3.678094e+01,1.256436e+02,190
3.678391e+01,1.256427e+02,190
3.678689e+01,1.256419e+02,190
3.678987e+01,1.256410e+02,190
3.679284e+01,1.256401e+02,190
3.679582e+01,1.256392e+02,190
3.679880e+01,1.256384e+02,190
3.680178e+01,1.256375e+02,190
3.680475e+01,1.256366e+02,190
3.680773e+01,1.256357e+02,190
3.681071e+01,1.256348e+02,190
3.681368e+01,1.256340e+02,190
3.681666e+01,1.256331e+02,190
3.681964e+01,1.256322e+02,190
3.682261e+01,1.256313e+02,190
3.682559e+01,1.256305e+02,190
3.682857e+01,1.256296e+02,190
3.683154e+01,1.256287e+02,190
3.683452e+01,1.256278e+02,190
3.683750e+01,1.256270e+02,190
3.684047e+01,1.256261e+02,190
3.684343e+01,1.256252e+02,190
3.684639e+01,1.256243e+02,190
3.684935e+01,1.256235e+02,190
3.685231e+01,1.256226e+02,190
3.685527e+01,1.256217e+02,190
3.685823e+01,1.256209e+02,220
3.686119e+01,1.256200e+02,220
3.686415e+01,1.256192e+02,190
3.686711e+01,1.256183e+02,190
3.687007e+01,1.256174e+02,190
3.687303e+01,1.256166e+02,190
3.687599e+01,1.256157e+02,190
3.687895e+01,1.256148e+02,190
3.688191e+01,1.256140e+02,190
3.688487e+01,1.256131e+02,190
3.688783e+01,1.256122e+02,190
3.689079e+01,1.256114e+02,190
3.689376e+01,1.256105e+02,190
3.689675e+01,1.256096e+02,190
3.689973e+01,1.256087e+02,220
3.690272e+01,1.256078e+02,220
3.690570e+01,1.256069e+02,220
3.690869e+01,1.256060e+02,220
3.691167e+01,1.256052e+02,220
3.691466e+01,1.256043e+02,190
3.691764e+01,1.256034e+02,190
3.692063e+01,1.256025e+02,190
3.692362e+01,1.256016e+02,190
3.692660e+01,1.256007e+02,190
3.692959e+01,1.255998e+02,190
3.693258e+01,1.255989e+02,190
3.693556e+01,1.255981e+02,220
3.693855e+01,1.255972e+02,220
3.694153e+01,1.255963e+02,220
3.694452e+01,1.255954e+02,220
3.694750e+01,1.255945e+02,220
3.695049e+01,1.255936e+02,220
3.695347e+01,1.255927e+02,190
3.695646e+01,1.255918e+02,190
3.695944e+01,1.255909e+02,190
3.696241e+01,1.255901e+02,190
3.696537e+01,1.255892e+02,190
3.696833e+01,1.255883e+02,190
3.697129e+01,1.255874e+02,190
3.697425e+01,1.255866e+02,190
3.697722e+01,1.255857e+02,190
3.698018e+01,1.255848e+02,190
3.698314e+01,1.255839e+02,220
3.698610e+01,1.255831e+02,220
3.698906e+01,1.255822e+02,220
3.699202e+01,1.255813e+02,190
3.699499e+01,1.255804e+02,190
3.699795e+01,1.255796e+02,190
3.700091e+01,1.255787e+02,190
3.700387e+01,1.255778e+02,190
3.700683e+01,1.255769e+02,190
3.700979e+01,1.255760e+02,190
3.701276e+01,1.255752e+02,190
3.701572e+01,1.255743e+02,190
3.701868e+01,1.255734e+02,190
3.702164e+01,1.255725e+02,190
3.702460e+01,1.255717e+02,190
3.702756e+01,1.255708e+02,190
3.703052e+01,1.255699e+02,160
3.703347e+01,1.255691e+02,160
3.703643e+01,1.255682e+02,160
3.703939e+01,1.255673e+02,160
3.704235e+01,1.255665e+02,160
3.704531e+01,1.255656e+02,160
3.704827e+01,1.255647e+02,160
3.705123e+01,1.255639e+02,160
3.705419e+01,1.255630e+02,190
3.705715e+01,1.255621e+02,220
3.706011e+01,1.255612e+02,190
3.706307e+01,1.255604e+02,190
3.706603e+01,1.255595e+02,160
3.706899e+01,1.255586e+02,160
3.707195e+01,1.255578e+02,160
3.707491e+01,1.255569e+02,190
3.707786e+01,1.255560e+02,190
3.708082e+01,1.255551e+02,190
3.708377e+01,1.255543e+02,160
3.708673e+01,1.255534e+02,190
3.708969e+01,1.255525e+02,190
3.709264e+01,1.255516e+02,190
3.709560e+01,1.255508e+02,160
3.709856e+01,1.255499e+02,190
3.710151e+01,1.255490e+02,190
3.710447e+01,1.255481e+02,190
3.710742e+01,1.255472e+02,190
3.711038e+01,1.255464e+02,190
3.711333e+01,1.255455e+02,190
3.711629e+01,1.255446e+02,190
3.711925e+01,1.255437e+02,190
3.712220e+01,1.255428e+02,190
3.712516e+01,1.255420e+02,190
3.712812e+01,1.255411e+02,190
3.713107e+01,1.255402e+02,190
3.713403e+01,1.255393e+02,190
3.713699e+01,1.255384e+02,190
3.713994e+01,1.255376e+02,190
3.714288e+01,1.255367e+02,190
3.714583e+01,1.255358e+02,190
3.714877e+01,1.255349e+02,190
3.715172e+01,1.255340e+02,190
3.715467e+01,1.255331e+02,190
3.715761e+01,1.255323e+02,190
3.716056e+01,1.255314e+02,190
3.716350e+01,1.255305e+02,190
3.716645e+01,1.255296e+02,190
3.716939e+01,1.255287e+02,190
3.717234e+01,1.255278e+02,190
3.717529e+01,1.255270e+02,190
3.717823e+01,1.255261e+02,190
3.718118e+01,1.255252e+02,190
3.718412e+01,1.255243e+02,190
3.718707e+01,1.255234e+02,190
3.719001e+01,1.255225e+02,190
3.719296e+01,1.255216e+02,190
3.719590e+01,1.255208e+02,190
3.719885e+01,1.255199e+02,190
3.720182e+01,1.255190e+02,190
3.720480e+01,1.255181e+02,190
3.720777e+01,1.255172e+02,190
3.721074e+01,1.255163e+02,190
3.721371e+01,1.255154e+02,190
3.721669e+01,1.255145e+02,190
3.721966e+01,1.255136e+02,190
3.722263e+01,1.255127e+02,190
3.722561e+01,1.255118e+02,190
3.722858e+01,1.255108e+02,190
3.723155e+01,1.255099e+02,190
3.723452e+01,1.255090e+02,190
3.723750e+01,1.255081e+02,190
3.724047e+01,1.255072e+02,190
3.724344e+01,1.255063e+02,190
3.724641e+01,1.255054e+02,190
3.724939e+01,1.255045e+02,160
3.725235e+01,1.255036e+02,160
3.725531e+01,1.255028e+02,160
3.725827e+01,1.255019e+02,190
3.726123e+01,1.255010e+02,190
3.726419e+01,1.255002e+02,190
3.726715e+01,1.254993e+02,190
3.727011e+01,1.254984e+02,190
3.727308e+01,1.254975e+02,190
3.727604e+01,1.254967e+02,190
3.727900e+01,1.254958e+02,190
3.728196e+01,1.254949e+02,190
3.728492e+01,1.254940e+02,190
3.728788e+01,1.254932e+02,190
3.729084e+01,1.254923e+02,190
3.729380e+01,1.254914e+02,190
3.729676e+01,1.254905e+02,190
3.729972e+01,1.254897e+02,190
3.730268e+01,1.254888e+02,190
3.730564e+01,1.254879e+02,190
3.730861e+01,1.254871e+02,190
3.731157e+01,1.254862e+02,190
3.731453e+01,1.254853e+02,190
3.731749e+01,1.254844e+02,190
3.732045e+01,1.254835e+02,190
3.732343e+01,1.254827e+02,190
3.732640e+01,1.254818e+02,190
3.732937e+01,1.254809e+02,190
3.733234e+01,1.254800e+02,190
3.733531e+01,1.254791e+02,190
3.733828e+01,1.254782e+02,160
3.734125e+01,1.254773e+02,160
3.734422e+01,1.254764e+02,160
3.734719e+01,1.254755e+02,160
3.735016e+01,1.254747e+02,190
3.735313e+01,1.254738e+02,190
3.735611e+01,1.254729e+02,190
3.735908e+01,1.254720e+02,190
3.736205e+01,1.254711e+02,190
3.736502e+01,1.254702e+02,160
3.736799e+01,1.254693e+02,160
3.737096e+01,1.254684e+02,160
3.737393e+01,1.254675e+02,160
3.737690e+01,1.254666e+02,160
3.737988e+01,1.254658e+02,160
3.738285e+01,1.254649e+02,160
3.738583e+01,1.254640e+02,160
3.738881e+01,1.254632e+02,160
3.739178e+01,1.254623e+02,160
3.739476e+01,1.254614e+02,160
3.739774e+01,1.254605e+02,160
3.740071e+01,1.254597e+02,160
3.740369e+01,1.254588e+02,160
3.740666e+01,1.254579e+02,160
3.740964e+01,1.254570e+02,160
3.741262e+01,1.254562e+02,160
3.741559e+01,1.254553e+02,160
3.741857e+01,1.254544e+02,160
3.742155e+01,1.254536e+02,160
3.742452e+01,1.254527e+02,160
3.742750e+01,1.254518e+02,160
3.743047e+01,1.254509e+02,160
3.743344e+01,1.254500e+02,160
3.743642e+01,1.254491e+02,160
3.743939e+01,1.254482e+02,160
3.744236e+01,1.254473e+02,160
3.744533e+01,1.254464e+02,160
3.744830e+01,1.254455e+02,160
3.745127e+01,1.254446e+02,160
3.745424e+01,1.254437e+02,160
3.745721e+01,1.254428e+02,160
3.746018e+01,1.254419e+02,160
3.746315e+01,1.254410e+02,160
3.746613e+01,1.254401e+02,160
3.746909e+01,1.254392e+02,160
3.747206e+01,1.254383e+02,160
3.747504e+01,1.254374e+02,160
3.747801e+01,1.254365e+02,160
3.748098e+01,1.254356e+02,160
3.748395e+01,1.254347e+02,160
3.748692e+01,1.254338e+02,160
3.748989e+01,1.254329e+02,160
3.749286e+01,1.254320e+02,160
3.749583e+01,1.254311e+02,160
3.749880e+01,1.254302e+02,160
3.750176e+01,1.254294e+02,160
3.750472e+01,1.254285e+02,160
3.750768e+01,1.254276e+02,160
3.751064e+01,1.254267e+02,160
3.751360e+01,1.254258e+02,160
3.751656e+01,1.254249e+02,160
3.751952e+01,1.254240e+02,160
3.752248e+01,1.254232e+02,160
3.752544e+01,1.254223e+02,160
3.752840e+01,1.254214e+02,160
3.753136e+01,1.254205e+02,160
3.753432e+01,1.254196e+02,160
3.753723e+01,1.254187e+02,160
3.754019e+01,1.254179e+02,160
3.754315e+01,1.254170e+02,160
3.754611e+01,1.254161e+02,160
3.754907e+01,1.254152e+02,160
3.755203e+01,1.254143e+02,160
3.755499e+01,1.254134e+02,160
3.755795e+01,1.254125e+02,160
3.756091e+01,1.254117e+02,160
3.756387e+01,1.254108e+02,160
3.756683e+01,1.254099e+02,160
3.756978e+01,1.254090e+02,160
3.757274e+01,1.254082e+02,160
3.757570e+01,1.254073e+02,160
3.757866e+01,1.254064e+02,160
3.758162e+01,1.254055e+02,190
3.758458e+01,1.254046e+02,190
3.758753e+01,1.254038e+02,190
3.759049e+01,1.254029e+02,190
3.759345e+01,1.254020e+02,190
3.759641e+01,1.254011e+02,190
3.759937e+01,1.254003e+02,190
3.760233e+01,1.253994e+02,190
3.760528e+01,1.253985e+02,190
3.760824e+01,1.253976e+02,190
3.761121e+01,1.253967e+02,190
3.761417e+01,1.253958e+02,190
3.761715e+01,1.253950e+02,190
3.762011e+01,1.253941e+02,190
3.762308e+01,1.253932e+02,190
3.762605e+01,1.253923e+02,190
3.762902e+01,1.253914e+02,190
3.763199e+01,1.253905e+02,220
3.763496e+01,1.253896e+02,220
3.763792e+01,1.253888e+02,250
3.764090e+01,1.253879e+02,250
3.764386e+01,1.253870e+02,250
3.764683e+01,1.253861e+02,250
3.764980e+01,1.253852e+02,250
3.765277e+01,1.253843e+02,250
3.765574e+01,1.253834e+02,250
3.765871e+01,1.253826e+02,250
3.766168e+01,1.253817e+02,250
3.766465e+01,1.253808e+02,280
3.766761e+01,1.253799e+02,280
3.767058e+01,1.253790e+02,280
3.767355e+01,1.253781e+02,280
3.767652e+01,1.253772e+02,280
3.767950e+01,1.253764e+02,280
3.768247e+01,1.253755e+02,280
3.768545e+01,1.253746e+02,280
3.768842e+01,1.253737e+02,280
3.769140e+01,1.253728e+02,0
3.769437e+01,1.253719e+02,0
3.769735e+01,1.253710e+02,0
3.770033e+01,1.253701e+02,0
3.770330e+01,1.253693e+02,0
3.770628e+01,1.253684e+02,0
3.770925e+01,1.253675e+02,0
3.771223e+01,1.253666e+02,0
3.771520e+01,1.253657e+02,0
3.771818e+01,1.253648e+02,0
3.772115e+01,1.253639e+02,0
3.772413e+01,1.253631e+02,0
3.772710e+01,1.253622e+02,0
3.773008e+01,1.253613e+02,0
3.773306e+01,1.253604e+02,0
3.773603e+01,1.253595e+02,0
3.773900e+01,1.253586e+02,0
3.774197e+01,1.253577e+02,0
3.774494e+01,1.253568e+02,0
3.774791e+01,1.253559e+02,0
3.775088e+01,1.253551e+02,0
3.775385e+01,1.253542e+02,0
3.775682e+01,1.253533e+02,0
3.775979e+01,1.253524e+02,0
3.776276e+01,1.253515e+02,0
3.776573e+01,1.253506e+02,0
3.776870e+01,1.253497e+02,0
3.777167e+01,1.253488e+02,0
3.777464e+01,1.253479e+02,0
3.777761e+01,1.253471e+02,0
3.778057e+01,1.253462e+02,0
3.778355e+01,1.253453e+02,0
3.778651e+01,1.253444e+02,0
3.778949e+01,1.253435e+02,0
3.779245e+01,1.253426e+02,0
3.779543e+01,1.253417e+02,0
3.779840e+01,1.253408e+02,0
3.780136e+01,1.253399e+02,0
3.780434e+01,1.253390e+02,0
3.780730e+01,1.253381e+02,0
3.781028e+01,1.253371e+02,0
3.781325e+01,1.253362e+02,0
3.781622e+01,1.253353e+02,0
3.781919e+01,1.253344e+02,0
3.782215e+01,1.253335e+02,0
3.782513e+01,1.253326e+02,0
3.782810e+01,1.253317e+02,0
3.783107e+01,1.253308e+02,0
3.783404e+01,1.253299e+02,0
3.783701e+01,1.253290e+02,0
3.783998e+01,1.253281e+02,0
3.784295e+01,1.253272e+02,0
3.784592e+01,1.253263e+02,0
3.784889e+01,1.253254e+02,0
3.785186e+01,1.253244e+02,0
3.785483e+01,1.253235e+02,0
3.785780e+01,1.253226e+02,0
3.786077e+01,1.253218e+02,0
3.786375e+01,1.253209e+02,0
3.786673e+01,1.253200e+02,0
3.786970e+01,1.253191e+02,0
3.787268e+01,1.253182e+02,0
3.787565e+01,1.253173e+02,0
3.787863e+01,1.253164e+02,0
3.788160e+01,1.253155e+02,0
3.788458e+01,1.253146e+02,0
3.788755e+01,1.253137e+02,0
3.789053e+01,1.253129e+02,0
3.789350e+01,1.253120e+02,0
3.789648e+01,1.253111e+02,0
3.789945e+01,1.253102e+02,0
3.790243e+01,1.253093e+02,0
3.790540e+01,1.253084e+02,0
3.790838e+01,1.253075e+02,0
3.791135e+01,1.253066e+02,0
3.791433e+01,1.253057e+02,0
3.791730e+01,1.253048e+02,0
3.792027e+01,1.253039e+02,0
3.792324e+01,1.253031e+02,0
3.792621e+01,1.253022e+02,0
3.792918e+01,1.253013e+02,0
3.793215e+01,1.253004e+02,0
3.793512e+01,1.252995e+02,0
3.793809e+01,1.252986e+02,0
3.794106e+01,1.252977e+02,0
3.794403e+01,1.252968e+02,0
3.794699e+01,1.252959e+02,0
3.794997e+01,1.252950e+02,0
3.795293e+01,1.252941e+02,0
3.795590e+01,1.252932e+02,0
3.795887e+01,1.252923e+02,0
3.796184e+01,1.252915e+02,0
3.796481e+01,1.252906e+02,0
3.796778e+01,1.252897e+02,0
3.797076e+01,1.252888e+02,0
3.797374e+01,1.252878e+02,0
3.797672e+01,1.252869e+02,0
3.797971e+01,1.252860e+02,0
3.798269e+01,1.252851e+02,0
3.798568e+01,1.252842e+02,0
3.798866e+01,1.252833e+02,0
3.799164e+01,1.252824e+02,0
3.799463e+01,1.252815e+02,0
3.799761e+01,1.252806e+02,0
3.800059e+01,1.252797e+02,0
3.800357e+01,1.252788e+02,0
3.800656e+01,1.252779e+02,0
3.800954e+01,1.252770e+02,0
3.801253e+01,1.252760e+02,0
3.801551e+01,1.252751e+02,0
3.801849e+01,1.252742e+02,0
3.802148e+01,1.252733e+02,0
3.802446e+01,1.252724e+02,0
3.802744e+01,1.252715e+02,0
3.803043e+01,1.252706e+02,0
3.803341e+01,1.252697e+02,0
3.803639e+01,1.252688e+02,0
3.803935e+01,1.252679e+02,0
3.804230e+01,1.252670e+02,0
3.804525e+01,1.252661e+02,0
3.804821e+01,1.252652e+02,0
3.805116e+01,1.252643e+02,0
3.805411e+01,1.252635e+02,0
3.805706e+01,1.252626e+02,0
3.806001e+01,1.252617e+02,0
3.806297e+01,1.252608e+02,0
3.806592e+01,1.252599e+02,0
3.806887e+01,1.252590e+02,0
3.807182e+01,1.252581e+02,0
3.807477e+01,1.252572e+02,0
3.807772e+01,1.252563e+02,0
3.808068e+01,1.252554e+02,0
3.808363e+01,1.252546e+02,0
3.808658e+01,1.252537e+02,0
3.808953e+01,1.252528e+02,0
3.809248e+01,1.252519e+02,0
3.809544e+01,1.252510e+02,0
3.809839e+01,1.252501e+02,0
3.810135e+01,1.252492e+02,0
3.810431e+01,1.252483e+02,0
3.810727e+01,1.252474e+02,0
3.811023e+01,1.252465e+02,0
3.811319e+01,1.252456e+02,0
3.811615e+01,1.252446e+02,0
3.811911e+01,1.252437e+02,0
3.812207e+01,1.252428e+02,0
3.812503e+01,1.252419e+02,0
3.812799e+01,1.252410e+02,0
3.813095e+01,1.252401e+02,0
3.813391e+01,1.252392e+02,0
3.813687e+01,1.252383e+02,0
3.813983e+01,1.252374e+02,0
3.814279e+01,1.252364e+02,0
3.814574e+01,1.252355e+02,0
3.814870e+01,1.252346e+02,0
3.815168e+01,1.252337e+02,0
3.815465e+01,1.252329e+02,0
3.815762e+01,1.252320e+02,0
3.816060e+01,1.252311e+02,0
3.816357e+01,1.252302e+02,0
3.816654e+01,1.252293e+02,0
3.816952e+01,1.252284e+02,0
3.817249e+01,1.252275e+02,0
3.817546e+01,1.252267e+02,0
3.817844e+01,1.252258e+02,0
3.818141e+01,1.252249e+02,0
3.818438e+01,1.252240e+02,0
3.818736e+01,1.252231e+02,0
3.819033e+01,1.252222e+02,0
3.819330e+01,1.252214e+02,0
3.819627e+01,1.252205e+02,0
3.819925e+01,1.252196e+02,0
3.820222e+01,1.252187e+02,0
3.820519e+01,1.252178e+02,0
3.820816e+01,1.252169e+02,0
3.821114e+01,1.252160e+02,0
3.821411e+01,1.252152e+02,0
3.821708e+01,1.252143e+02,0
3.822005e+01,1.252134e+02,0
3.822302e+01,1.252124e+02,0
3.822599e+01,1.252115e+02,0
3.822896e+01,1.252106e+02,0
3.823193e+01,1.252097e+02,0
3.823489e+01,1.252088e+02,0
3.823786e+01,1.252079e+02,0
3.824083e+01,1.252070e+02,0
3.824380e+01,1.252061e+02,0
3.824677e+01,1.252052e+02,0
3.824974e+01,1.252043e+02,0
3.825271e+01,1.252034e+02,0
3.825568e+01,1.252024e+02,0
3.825864e+01,1.252015e+02,0
3.826161e+01,1.252006e+02,0
3.826458e+01,1.251997e+02,0
3.826755e+01,1.251988e+02,0
3.827052e+01,1.251979e+02,0
3.827349e+01,1.251970e+02,0
3.827646e+01,1.251961e+02,0
3.827945e+01,1.251952e+02,0
3.828243e+01,1.251943e+02,0
3.828542e+01,1.251934e+02,0
3.828841e+01,1.251925e+02,0
3.829139e+01,1.251916e+02,0
3.829438e+01,1.251907e+02,0
3.829736e+01,1.251898e+02,0
3.830035e+01,1.251889e+02,0
3.830334e+01,1.251880e+02,0
3.830632e+01,1.251871e+02,0
3.830931e+01,1.251862e+02,0
3.831229e+01,1.251853e+02,0
3.831528e+01,1.251844e+02,0
3.831827e+01,1.251835e+02,0
3.832125e+01,1.251826e+02,0
3.832424e+01,1.251817e+02,0
3.832722e+01,1.251808e+02,0
3.833020e+01,1.251799e+02,0
3.833317e+01,1.251790e+02,0
3.833614e+01,1.251781e+02,0
3.833911e+01,1.251772e+02,0
3.834208e+01,1.251763e+02,0
3.834505e+01,1.251753e+02,0
3.834801e+01,1.251744e+02,0
3.835099e+01,1.251735e+02,0
3.835395e+01,1.251726e+02,0
3.835692e+01,1.251717e+02,0
3.835989e+01,1.251708e+02,0
3.836286e+01,1.251698e+02,0
3.836583e+01,1.251689e+02,0
3.836880e+01,1.251680e+02,0
3.837177e+01,1.251671e+02,0
3.837474e+01,1.251662e+02,0
3.837771e+01,1.251653e+02,0
3.838068e+01,1.251643e+02,0
3.838364e+01,1.251634e+02,0
3.838662e+01,1.251625e+02,0
3.838958e+01,1.251616e+02,0
3.839255e+01,1.251607e+02,0
3.839552e+01,1.251597e+02,0
3.839851e+01,1.251588e+02,0
3.840149e+01,1.251579e+02,0
3.840447e+01,1.251570e+02,0
3.840746e+01,1.251561e+02,0
3.841044e+01,1.251552e+02,0
3.841343e+01,1.251543e+02,0
3.841641e+01,1.251534e+02,0
3.841940e+01,1.251525e+02,0
3.842238e+01,1.251516e+02,0
3.842536e+01,1.251507e+02,0
3.842834e+01,1.251498e+02,0
3.843133e+01,1.251489e+02,0
3.843431e+01,1.251479e+02,0
3.843730e+01,1.251470e+02,0
3.844028e+01,1.251461e+02,0
3.844327e+01,1.251452e+02,0
3.844625e+01,1.251443e+02,0
3.844923e+01,1.251434e+02,0
3.845222e+01,1.251425e+02,0
3.845520e+01,1.251416e+02,0
3.845819e+01,1.251407e+02,0
3.846117e+01,1.251398e+02,0
3.846416e+01,1.251389e+02,0
3.846715e+01,1.251380e+02,0
3.847013e+01,1.251371e+02,0
3.847312e+01,1.251362e+02,0
3.847610e+01,1.251353e+02,0
3.847909e+01,1.251344e+02,0
3.848207e+01,1.251335e+02,0
3.848506e+01,1.251326e+02,0
3.848804e+01,1.251317e+02,0
3.849103e+01,1.251308e+02,0
3.849402e+01,1.251299e+02,0
3.849700e+01,1.251290e+02,0
3.849999e+01,1.251281e+02,0
3.850298e+01,1.251272e+02,0
3.850596e+01,1.251263e+02,0
3.850895e+01,1.251254e+02,0
3.851191e+01,1.251245e+02,0
3.851488e+01,1.251235e+02,0
3.851779e+01,1.251226e+02,0
3.852076e+01,1.251217e+02,0
3.852373e+01,1.251208e+02,0
3.852670e+01,1.251199e+02,0
3.852967e+01,1.251190e+02,0
3.853263e+01,1.251180e+02,0
3.853560e+01,1.251171e+02,0
3.853857e+01,1.251162e+02,0
3.854154e+01,1.251153e+02,0
3.854451e+01,1.251144e+02,0
3.854748e+01,1.251134e+02,0
3.855045e+01,1.251125e+02,0
3.855342e+01,1.251116e+02,0
3.855639e+01,1.251107e+02,0
3.855935e+01,1.251098e+02,0
3.856232e+01,1.251088e+02,0
3.856529e+01,1.251079e+02,0
3.856826e+01,1.251070e+02,0
3.857123e+01,1.251061e+02,0
3.857420e+01,1.251052e+02,0
3.857717e+01,1.251042e+02,0
3.858014e+01,1.251033e+02,0
3.858311e+01,1.251025e+02,0
3.858609e+01,1.251016e+02,0
3.858907e+01,1.251007e+02,0
3.859204e+01,1.250998e+02,0
3.859501e+01,1.250989e+02,0
3.859799e+01,1.250980e+02,0
3.860096e+01,1.250971e+02,0
3.860394e+01,1.250962e+02,0
3.860691e+01,1.250953e+02,0
3.860988e+01,1.250944e+02,0
3.861286e+01,1.250935e+02,0
3.861583e+01,1.250926e+02,0
3.861880e+01,1.250917e+02,0
3.862178e+01,1.250908e+02,0
3.862475e+01,1.250899e+02,0
3.862773e+01,1.250890e+02,0
3.863070e+01,1.250881e+02,0
3.863366e+01,1.250872e+02,0
3.863663e+01,1.250863e+02,0
3.863960e+01,1.250854e+02,0
3.864256e+01,1.250845e+02,0
3.864553e+01,1.250836e+02,0
3.864849e+01,1.250827e+02,0
3.865146e+01,1.250818e+02,0
3.865443e+01,1.250809e+02,0
3.865740e+01,1.250800e+02,0
3.866036e+01,1.250791e+02,0
3.866333e+01,1.250782e+02,0
3.866630e+01,1.250773e+02,0
3.866927e+01,1.250764e+02,0
3.867223e+01,1.250755e+02,0
3.867520e+01,1.250746e+02,0
3.867817e+01,1.250737e+02,0
3.868113e+01,1.250727e+02,0
3.868410e+01,1.250718e+02,0
3.868707e+01,1.250709e+02,0
3.869003e+01,1.250700e+02,0
3.869300e+01,1.250691e+02,0
3.869596e+01,1.250682e+02,0
3.869895e+01,1.250673e+02,0
3.870193e+01,1.250664e+02,0
3.870492e+01,1.250655e+02,0
3.870790e+01,1.250646e+02,0
3.871088e+01,1.250637e+02,0
3.871387e+01,1.250627e+02,0
3.871685e+01,1.250618e+02,0
3.871984e+01,1.250609e+02,0
3.872282e+01,1.250600e+02,0
3.872580e+01,1.250591e+02,0
3.872879e+01,1.250582e+02,0
3.873177e+01,1.250573e+02,0
3.873475e+01,1.250563e+02,0
3.873774e+01,1.250554e+02,0
3.874072e+01,1.250545e+02,0
3.874371e+01,1.250536e+02,0
3.874669e+01,1.250527e+02,0
3.874967e+01,1.250518e+02,0
3.875266e+01,1.250509e+02,0
3.875564e+01,1.250499e+02,0
3.875860e+01,1.250490e+02,0
3.876156e+01,1.250481e+02,0
3.876451e+01,1.250472e+02,0
3.876748e+01,1.250463e+02,0
3.877043e+01,1.250453e+02,0
3.877339e+01,1.250444e+02,0
3.877635e+01,1.250435e+02,0
3.877931e+01,1.250426e+02,0
3.878226e+01,1.250416e+02,0
3.878522e+01,1.250407e+02,0
3.878818e+01,1.250398e+02,0
3.879114e+01,1.250389e+02,0
3.879410e+01,1.250380e+02,0
3.879706e+01,1.250370e+02,0
3.880001e+01,1.250361e+02,0
3.880297e+01,1.250352e+02,0
3.880593e+01,1.250343e+02,0
3.880890e+01,1.250333e+02,0
3.881189e+01,1.250324e+02,0
3.881488e+01,1.250315e+02,0
3.881787e+01,1.250306e+02,0
3.882085e+01,1.250297e+02,0
3.882384e+01,1.250288e+02,0
3.882683e+01,1.250279e+02,0
3.882982e+01,1.250269e+02,0
3.883281e+01,1.250260e+02,0
3.883580e+01,1.250251e+02,0
3.883879e+01,1.250242e+02,0
3.884178e+01,1.250233e+02,0
3.884477e+01,1.250224e+02,0
3.884776e+01,1.250215e+02,0
3.885075e+01,1.250206e+02,0
3.885373e+01,1.250196e+02,0
3.885672e+01,1.250187e+02,0
3.885971e+01,1.250178e+02,0
3.886270e+01,1.250169e+02,0
3.886569e+01,1.250160e+02,0
3.886868e+01,1.250151e+02,0
3.887167e+01,1.250142e+02,0
3.887466e+01,1.250132e+02,0
3.887762e+01,1.250123e+02,0
3.888058e+01,1.250114e+02,0
3.888353e+01,1.250105e+02,0
3.888648e+01,1.250096e+02,0
3.888943e+01,1.250086e+02,0
3.889238e+01,1.250077e+02,0
3.889534e+01,1.250068e+02,0
3.889829e+01,1.250059e+02,0
3.890124e+01,1.250049e+02,0
3.890419e+01,1.250040e+02,0
3.890715e+01,1.250031e+02,0
3.891010e+01,1.250022e+02,0
3.891305e+01,1.250012e+02,0
3.891600e+01,1.250003e+02,0
3.891895e+01,1.249994e+02,0
3.892191e+01,1.249985e+02,0
3.892486e+01,1.249975e+02,0
3.892781e+01,1.249966e+02,0
3.893076e+01,1.249957e+02,0
3.893371e+01,1.249948e+02,0
3.893667e+01,1.249938e+02,0
3.893962e+01,1.249929e+02,0
3.894258e+01,1.249920e+02,0
3.894553e+01,1.249911e+02,0
3.894849e+01,1.249902e+02,0
3.895145e+01,1.249893e+02,0
3.895440e+01,1.249884e+02,0
3.895736e+01,1.249875e+02,0
3.896031e+01,1.249866e+02,0
3.896327e+01,1.249857e+02,0
3.896622e+01,1.249848e+02,0
3.896918e+01,1.249839e+02,0
3.897214e+01,1.249830e+02,0
3.897509e+01,1.249821e+02,0
3.897805e+01,1.249812e+02,0
3.898100e+01,1.249803e+02,0
3.898396e+01,1.249794e+02,0
3.898692e+01,1.249785e+02,0
3.898986e+01,1.249776e+02,0
3.899281e+01,1.249767e+02,0
3.899575e+01,1.249758e+02,0
3.899869e+01,1.249748e+02,0
3.900163e+01,1.249739e+02,0
3.900458e+01,1.249730e+02,0
3.900752e+01,1.249721e+02,0
3.901046e+01,1.249712e+02,0
3.901341e+01,1.249703e+02,0
3.901635e+01,1.249694e+02,0
3.901929e+01,1.249685e+02,0
3.902224e+01,1.249676e+02,0
3.902518e+01,1.249667e+02,0
3.902813e+01,1.249658e+02,0
3.903107e+01,1.249649e+02,0
3.903401e+01,1.249640e+02,0
3.903696e+01,1.249630e+02,0
3.903990e+01,1.249621e+02,0
3.904284e+01,1.249612e+02,0
3.904579e+01,1.249603e+02,0
3.904873e+01,1.249594e+02,0
3.905167e+01,1.249585e+02,0
3.905462e+01,1.249576e+02,0
3.905759e+01,1.249567e+02,0
3.906055e+01,1.249557e+02,0
3.906352e+01,1.249548e+02,0
3.906649e+01,1.249539e+02,0
3.906946e+01,1.249530e+02,0
3.907242e+01,1.249520e+02,0
3.907539e+01,1.249511e+02,0
3.907836e+01,1.249502e+02,0
3.908133e+01,1.249493e+02,0
3.908429e+01,1.249483e+02,0
3.908726e+01,1.249474e+02,0
3.909023e+01,1.249465e+02,0
3.909319e+01,1.249456e+02,0
3.909616e+01,1.249446e+02,0
3.909913e+01,1.249437e+02,0
3.910209e+01,1.249428e+02,0
3.910506e+01,1.249419e+02,0
3.910803e+01,1.249409e+02,0
3.911100e+01,1.249400e+02,0
3.911396e+01,1.249391e+02,0
3.911690e+01,1.249382e+02,0
3.911984e+01,1.249373e+02,0
3.912278e+01,1.249363e+02,0
3.912572e+01,1.249354e+02,0
3.912865e+01,1.249345e+02,0
3.913159e+01,1.249336e+02,0
3.913453e+01,1.249327e+02,0
3.913747e+01,1.249318e+02,0
3.914040e+01,1.249309e+02,0
3.914334e+01,1.249300e+02,0
3.914628e+01,1.249291e+02,0
3.914922e+01,1.249282e+02,0
3.915216e+01,1.249272e+02,0
3.915509e+01,1.249263e+02,0
3.915803e+01,1.249254e+02,0
3.916097e+01,1.249245e+02,0
3.916391e+01,1.249236e+02,0
3.916685e+01,1.249227e+02,0
3.916982e+01,1.249218e+02,0
3.917278e+01,1.249209e+02,0
3.917575e+01,1.249199e+02,0
3.917871e+01,1.249190e+02,0
3.918168e+01,1.249181e+02,0
3.918465e+01,1.249172e+02,0
3.918761e+01,1.249163e+02,0
3.919058e+01,1.249154e+02,0
3.919354e+01,1.249144e+02,0
3.919651e+01,1.249135e+02,0
3.919947e+01,1.249126e+02,0
3.920244e+01,1.249117e+02,0
3.920541e+01,1.249108e+02,0
3.920837e+01,1.249099e+02,0
3.921134e+01,1.249090e+02,0
3.921431e+01,1.249080e+02,0
3.921727e+01,1.249071e+02,0
3.922023e+01,1.249062e+02,0
3.922320e+01,1.249053e+02,0
3.922617e+01,1.249044e+02,0
3.922913e+01,1.249035e+02,0
3.923210e+01,1.249025e+02,0
3.923507e+01,1.249016e+02,0
3.923803e+01,1.249007e+02,0
3.924100e+01,1.248997e+02,0
3.924397e+01,1.248988e+02,0
3.924693e+01,1.248979e+02,0
3.924990e+01,1.248970e+02,0
3.925286e+01,1.248960e+02,0
3.925583e+01,1.248951e+02,0
3.925880e+01,1.248942e+02,0
3.926176e+01,1.248932e+02,0
3.926473e+01,1.248923e+02,0
3.926770e+01,1.248914e+02,0
3.927066e+01,1.248905e+02,0
3.927363e+01,1.248895e+02,0
3.927660e+01,1.248886e+02,0
3.927957e+01,1.248877e+02,0
3.928253e+01,1.248867e+02,0
3.928550e+01,1.248858e+02,0
3.928847e+01,1.248849e+02,0
3.929143e+01,1.248840e+02,0
3.929440e+01,1.248830e+02,0
3.929737e+01,1.248821e+02,0
3.930033e+01,1.248812e+02,0
3.930330e+01,1.248803e+02,0
3.930626e+01,1.248793e+02,0
3.930923e+01,1.248784e+02,0
3.931220e+01,1.248775e+02,0
3.931516e+01,1.248766e+02,0
3.931813e+01,1.248757e+02,0
3.932110e+01,1.248747e+02,0
3.932406e+01,1.248738e+02,0
3.932703e+01,1.248729e+02,0
3.932999e+01,1.248720e+02,0
3.933296e+01,1.248711e+02,0
3.933593e+01,1.248701e+02,0
3.933889e+01,1.248692e+02,0
3.934186e+01,1.248683e+02,0
3.934483e+01,1.248674e+02,0
3.934779e+01,1.248665e+02,0
3.935076e+01,1.248655e+02,0
3.935372e+01,1.248646e+02,0
3.935669e+01,1.248637e+02,0
3.935965e+01,1.248628e+02,0
3.936262e+01,1.248619e+02,0
3.936559e+01,1.248610e+02,0
3.936855e+01,1.248600e+02,0
3.937152e+01,1.248591e+02,0
3.937448e+01,1.248582e+02,0
3.937745e+01,1.248573e+02,0
3.938041e+01,1.248564e+02,0
3.938338e+01,1.248554e+02,0
3.938634e+01,1.248545e+02,0
3.938931e+01,1.248536e+02,0
3.939227e+01,1.248527e+02,0
3.939524e+01,1.248518e+02,0
3.939820e+01,1.248508e+02,0
3.940117e+01,1.248499e+02,0
3.940413e+01,1.248490e+02,0
3.940710e+01,1.248481e+02,0
3.941006e+01,1.248472e+02,0
3.941303e+01,1.248462e+02,0
3.941600e+01,1.248453e+02,0
3.941898e+01,1.248444e+02,0
3.942195e+01,1.248435e+02,0
3.942492e+01,1.248426e+02,0
3.942789e+01,1.248416e+02,0
3.943087e+01,1.248407e+02,0
3.943384e+01,1.248398e+02,0
3.943681e+01,1.248389e+02,0
3.943978e+01,1.248380e+02,0
3.944275e+01,1.248370e+02,0
3.944573e+01,1.248361e+02,0
3.944870e+01,1.248352e+02,0
3.945167e+01,1.248343e+02,0
3.945464e+01,1.248334e+02,0
3.945761e+01,1.248324e+02,0
3.946059e+01,1.248315e+02,0
3.946356e+01,1.248306e+02,0
3.946653e+01,1.248297e+02,0
3.946951e+01,1.248288e+02,0
3.947248e+01,1.248278e+02,0
3.947544e+01,1.248269e+02,0
3.947841e+01,1.248260e+02,0
3.948137e+01,1.248251e+02,0
3.948434e+01,1.248241e+02,0
3.948731e+01,1.248232e+02,0
3.949027e+01,1.248223e+02,0
3.949324e+01,1.248214e+02,0
3.949620e+01,1.248204e+02,0
3.949917e+01,1.248195e+02,0
3.950214e+01,1.248186e+02,0
3.950510e+01,1.248177e+02,0
3.950807e+01,1.248167e+02,0
3.951104e+01,1.248158e+02,0
3.951400e+01,1.248149e+02,0
3.951697e+01,1.248140e+02,0
3.951993e+01,1.248131e+02,0
3.952290e+01,1.248121e+02,0
3.952586e+01,1.248112e+02,0
3.952881e+01,1.248103e+02,0
3.953176e+01,1.248093e+02,0
3.953471e+01,1.248084e+02,0
3.953766e+01,1.248075e+02,0
3.954062e+01,1.248066e+02,0
3.954356e+01,1.248056e+02,0
3.954652e+01,1.248047e+02,0
3.954947e+01,1.248038e+02,0
3.955242e+01,1.248029e+02,0
3.955537e+01,1.248019e+02,0
3.955832e+01,1.248010e+02,0
3.956127e+01,1.248001e+02,0
3.956422e+01,1.247991e+02,0
3.956717e+01,1.247982e+02,0
3.957012e+01,1.247973e+02,0
3.957307e+01,1.247964e+02,0
3.957602e+01,1.247954e+02,0
3.957898e+01,1.247945e+02,0
3.958192e+01,1.247936e+02,0
3.958488e+01,1.247926e+02,0
3.958783e+01,1.247917e+02,0
3.959078e+01,1.247908e+02,0
3.959375e+01,1.247899e+02,0
3.959673e+01,1.247889e+02,0
3.959971e+01,1.247880e+02,0
3.960270e+01,1.247871e+02,0
3.960568e+01,1.247861e+02,0
3.960866e+01,1.247852e+02,0
3.961164e+01,1.247843e+02,0
3.961462e+01,1.247833e+02,0
3.961760e+01,1.247824e+02,0
3.962059e+01,1.247815e+02,0
3.962357e+01,1.247806e+02,0
3.962655e+01,1.247796e+02,0
3.962953e+01,1.247787e+02,0
3.963251e+01,1.247778e+02,0
3.963549e+01,1.247768e+02,0
3.963848e+01,1.247759e+02,0
3.964146e+01,1.247750e+02,0
3.964444e+01,1.247740e+02,0
3.964742e+01,1.247731e+02,0
3.965041e+01,1.247722e+02,0
3.965337e+01,1.247712e+02,0
3.965633e+01,1.247703e+02,0
3.965928e+01,1.247694e+02,0
3.966224e+01,1.247685e+02,0
3.966519e+01,1.247676e+02,0
3.966814e+01,1.247666e+02,0
3.967110e+01,1.247657e+02,0
3.967405e+01,1.247648e+02,0
3.967701e+01,1.247639e+02,0
3.967996e+01,1.247630e+02,0
3.968291e+01,1.247621e+02,0
3.968587e+01,1.247611e+02,0
3.968882e+01,1.247602e+02,0
3.969178e+01,1.247593e+02,0
3.969473e+01,1.247584e+02,0
3.969769e+01,1.247575e+02,0
3.970064e+01,1.247565e+02,0
3.970359e+01,1.247556e+02,0
3.970656e+01,1.247547e+02,0
3.970952e+01,1.247538e+02,0
3.971249e+01,1.247528e+02,0
3.971545e+01,1.247519e+02,0
3.971842e+01,1.247510e+02,0
3.972138e+01,1.247501e+02,0
3.972435e+01,1.247491e+02,0
3.972731e+01,1.247482e+02,0
3.973027e+01,1.247473e+02,0
3.973324e+01,1.247464e+02,0
3.973621e+01,1.247454e+02,0
3.973917e+01,1.247445e+02,0
3.974213e+01,1.247436e+02,0
3.974510e+01,1.247427e+02,0
3.974806e+01,1.247417e+02,0
3.975103e+01,1.247408e+02,0
3.975399e+01,1.247399e+02,0
3.975696e+01,1.247389e+02,0
3.975992e+01,1.247380e+02,0
3.976289e+01,1.247371e+02,0
3.976585e+01,1.247362e+02,0
3.976881e+01,1.247352e+02,0
3.977178e+01,1.247343e+02,0
3.977476e+01,1.247334e+02,0
3.977773e+01,1.247324e+02,0
3.978071e+01,1.247315e+02,0
3.978368e+01,1.247305e+02,0
3.978666e+01,1.247296e+02,0
3.978963e+01,1.247286e+02,0
3.979261e+01,1.247277e+02,0
3.979559e+01,1.247267e+02,0
3.979856e+01,1.247258e+02,0
3.980154e+01,1.247248e+02,0
3.980451e+01,1.247239e+02,0
3.980749e+01,1.247229e+02,0
3.981046e+01,1.247220e+02,0
3.981344e+01,1.247210e+02,0
3.981641e+01,1.247201e+02,0
3.981939e+01,1.247191e+02,0
3.982236e+01,1.247182e+02,0
3.982534e+01,1.247172e+02,0
3.982832e+01,1.247163e+02,0
3.983129e+01,1.247153e+02,0
3.983426e+01,1.247144e+02,0
3.983723e+01,1.247135e+02,0
3.984021e+01,1.247126e+02,0
3.984318e+01,1.247117e+02,0
3.984615e+01,1.247107e+02,0
3.984912e+01,1.247098e+02,0
3.985209e+01,1.247089e+02,0
3.985506e+01,1.247080e+02,0
3.985804e+01,1.247071e+02,0
3.986101e+01,1.247061e+02,0
3.986398e+01,1.247052e+02,0
3.986695e+01,1.247043e+02,0
3.986992e+01,1.247034e+02,0
3.987289e+01,1.247025e+02,0
3.987586e+01,1.247016e+02,0
3.987883e+01,1.247006e+02,0
3.988181e+01,1.246997e+02,0
3.988478e+01,1.246988e+02,0
3.988774e+01,1.246978e+02,0
3.989071e+01,1.246969e+02,0
3.989367e+01,1.246959e+02,0
3.989664e+01,1.246950e+02,0
3.989960e+01,1.246940e+02,0
3.990257e+01,1.246931e+02,0
3.990554e+01,1.246921e+02,0
3.990850e+01,1.246912e+02,0
3.991147e+01,1.246902e+02,0
3.991444e+01,1.246893e+02,0
3.991740e+01,1.246884e+02,0
3.992037e+01,1.246874e+02,0
3.992333e+01,1.246865e+02,0
3.992630e+01,1.246855e+02,0
3.992926e+01,1.246846e+02,0
3.993223e+01,1.246836e+02,0
3.993520e+01,1.246827e+02,0
3.993816e+01,1.246817e+02,0
3.994113e+01,1.246808e+02,0
3.994410e+01,1.246798e+02,0
3.994706e+01,1.246789e+02,0
3.995003e+01,1.246779e+02,0
3.995300e+01,1.246770e+02,0
3.995597e+01,1.246760e+02,0
3.995894e+01,1.246751e+02,0
3.996192e+01,1.246742e+02,0
3.996489e+01,1.246732e+02,0
3.996786e+01,1.246723e+02,0
3.997084e+01,1.246714e+02,0
3.997381e+01,1.246705e+02,0
3.997678e+01,1.246695e+02,0
3.997976e+01,1.246686e+02,0
3.998273e+01,1.246677e+02,0
3.998564e+01,1.246667e+02,0
3.998862e+01,1.246658e+02,0
3.999159e+01,1.246649e+02,0
3.999456e+01,1.246640e+02,0
3.999754e+01,1.246630e+02,0
4.000051e+01,1.246621e+02,0
4.000348e+01,1.246612e+02,0
4.000645e+01,1.246602e+02,0
4.000943e+01,1.246593e+02,0
4.001239e+01,1.246583e+02,0
4.001535e+01,1.246574e+02,0
4.001830e+01,1.246565e+02,0
4.002126e+01,1.246555e+02,0
4.002422e+01,1.246546e+02,0
4.002717e+01,1.246536e+02,0
4.003012e+01,1.246527e+02,0
4.003308e+01,1.246517e+02,0
4.003604e+01,1.246508e+02,0
4.003899e+01,1.246498e+02,0
4.004195e+01,1.246489e+02,0
4.004491e+01,1.246479e+02,0
4.004786e+01,1.246470e+02,0
4.005082e+01,1.246460e+02,0
4.005377e+01,1.246451e+02,0
4.005673e+01,1.246441e+02,0
4.005968e+01,1.246432e+02,0
4.006264e+01,1.246422e+02,0
4.006560e+01,1.246413e+02,0
4.006857e+01,1.246404e+02,0
4.007153e+01,1.246394e+02,0
4.007449e+01,1.246385e+02,0
4.007746e+01,1.246375e+02,0
4.008042e+01,1.246366e+02,0
4.008339e+01,1.246357e+02,0
4.008635e+01,1.246347e+02,0
4.008931e+01,1.246338e+02,0
4.009228e+01,1.246329e+02,0
4.009524e+01,1.246319e+02,0
4.009821e+01,1.246310e+02,0
4.010117e+01,1.246301e+02,0
4.010413e+01,1.246291e+02,0
4.010710e+01,1.246282e+02,0
4.011006e+01,1.246273e+02,0
4.011303e+01,1.246263e+02,0
4.011599e+01,1.246254e+02,0
4.011895e+01,1.246245e+02,0
4.012192e+01,1.246235e+02,0
4.012488e+01,1.246226e+02,0
4.012784e+01,1.246217e+02,0
4.013081e+01,1.246207e+02,0
4.013375e+01,1.246198e+02,0
4.013670e+01,1.246189e+02,0
4.013965e+01,1.246179e+02,0
4.014259e+01,1.246170e+02,0
4.014554e+01,1.246161e+02,0
4.014849e+01,1.246151e+02,0
4.015144e+01,1.246142e+02,0
4.015438e+01,1.246133e+02,0
4.015733e+01,1.246124e+02,0
4.016028e+01,1.246114e+02,0
4.016323e+01,1.246105e+02,0
4.016617e+01,1.246096e+02,0
4.016912e+01,1.246086e+02,0
4.017207e+01,1.246077e+02,0
4.017501e+01,1.246068e+02,0
4.017796e+01,1.246058e+02,0
4.018091e+01,1.246049e+02,0
4.018386e+01,1.246040e+02,0
4.018681e+01,1.246030e+02,0
4.018975e+01,1.246021e+02,0
4.019274e+01,1.246012e+02,0
4.019572e+01,1.246002e+02,0
4.019871e+01,1.245992e+02,0
4.020169e+01,1.245983e+02,0
4.020467e+01,1.245973e+02,0
4.020766e+01,1.245964e+02,0
4.021064e+01,1.245954e+02,0
4.021363e+01,1.245944e+02,0
4.021661e+01,1.245935e+02,0
4.021960e+01,1.245925e+02,0
4.022258e+01,1.245916e+02,0
4.022557e+01,1.245906e+02,0
4.022855e+01,1.245896e+02,0
4.023153e+01,1.245887e+02,0
4.023452e+01,1.245877e+02,0
4.023750e+01,1.245868e+02,0
4.024049e+01,1.245858e+02,0
4.024346e+01,1.245849e+02,0
4.024643e+01,1.245839e+02,0
4.024939e+01,1.245830e+02,0
4.025235e+01,1.245820e+02,0
4.025532e+01,1.245811e+02,0
4.025828e+01,1.245802e+02,0
4.026124e+01,1.245792e+02,0
4.026421e+01,1.245783e+02,0
4.026717e+01,1.245774e+02,0
4.027013e+01,1.245764e+02,0
4.027310e+01,1.245755e+02,0
4.027606e+01,1.245745e+02,0
4.027903e+01,1.245736e+02,0
4.028199e+01,1.245727e+02,0
4.028495e+01,1.245717e+02,0
4.028791e+01,1.245708e+02,0
4.029088e+01,1.245698e+02,0
4.029384e+01,1.245689e+02,0
4.029681e+01,1.245680e+02,0
4.029977e+01,1.245670e+02,0
4.030273e+01,1.245661e+02,0
4.030569e+01,1.245652e+02,0
4.030866e+01,1.245642e+02,0
4.031164e+01,1.245633e+02,0
4.031463e+01,1.245623e+02,0
4.031762e+01,1.245613e+02,0
4.032061e+01,1.245604e+02,0
4.032360e+01,1.245594e+02,0
4.032659e+01,1.245585e+02,0
4.032958e+01,1.245575e+02,0
4.033257e+01,1.245566e+02,0
4.033556e+01,1.245556e+02,0
4.033855e+01,1.245547e+02,0
4.034154e+01,1.245537e+02,0
4.034453e+01,1.245527e+02,0
4.034752e+01,1.245518e+02,0
4.035051e+01,1.245508e+02,0
4.035350e+01,1.245499e+02,0
4.035649e+01,1.245489e+02,0
4.035947e+01,1.245480e+02,0
4.036246e+01,1.245470e+02,0
4.036546e+01,1.245460e+02,0
4.036844e+01,1.245451e+02,0
4.037142e+01,1.245441e+02,0
4.037439e+01,1.245432e+02,0
4.037735e+01,1.245422e+02,0
4.038031e+01,1.245413e+02,0
4.038328e+01,1.245404e+02,0
4.038624e+01,1.245394e+02,0
4.038921e+01,1.245385e+02,0
4.039217e+01,1.245375e+02,0
4.039513e+01,1.245366e+02,0
4.039810e+01,1.245356e+02,0
4.040106e+01,1.245347e+02,0
4.040403e+01,1.245338e+02,0
4.040699e+01,1.245328e+02,0
4.040995e+01,1.245319e+02,0
4.041292e+01,1.245309e+02,0
4.041588e+01,1.245300e+02,0
4.041885e+01,1.245290e+02,0
4.042181e+01,1.245281e+02,0
4.042479e+01,1.245272e+02,0
4.042776e+01,1.245262e+02,0
4.043074e+01,1.245253e+02,0
4.043372e+01,1.245243e+02,0
4.043669e+01,1.245234e+02,0
4.043967e+01,1.245225e+02,0
4.044265e+01,1.245215e+02,0
4.044562e+01,1.245206e+02,0
4.044860e+01,1.245196e+02,0
4.045158e+01,1.245187e+02,0
4.045455e+01,1.245178e+02,0
4.045753e+01,1.245168e+02,0
4.046051e+01,1.245159e+02,0
4.046348e+01,1.245149e+02,0
4.046646e+01,1.245140e+02,0
4.046944e+01,1.245131e+02,0
4.047241e+01,1.245121e+02,0
4.047539e+01,1.245112e+02,0
4.047837e+01,1.245102e+02,0
4.048134e+01,1.245093e+02,0
4.048432e+01,1.245084e+02,0
4.048730e+01,1.245074e+02,0
4.049027e+01,1.245065e+02,0
4.049325e+01,1.245055e+02,0
4.049623e+01,1.245046e+02,0
4.049921e+01,1.245036e+02,0
4.050219e+01,1.245027e+02,0
4.050517e+01,1.245017e+02,0
4.050815e+01,1.245008e+02,0
4.051113e+01,1.244998e+02,0
4.051411e+01,1.244989e+02,0
4.051709e+01,1.244979e+02,0
4.052007e+01,1.244970e+02,0
4.052305e+01,1.244960e+02,0
4.052603e+01,1.244951e+02,0
4.052901e+01,1.244941e+02,0
4.053199e+01,1.244932e+02,0
4.053497e+01,1.244922e+02,0
4.053795e+01,1.244913e+02,0
4.054093e+01,1.244903e+02,0
4.054391e+01,1.244894e+02,0
4.054689e+01,1.244884e+02,0
4.054987e+01,1.244875e+02,0
4.055281e+01,1.244865e+02,0
4.055576e+01,1.244856e+02,0
4.055870e+01,1.244846e+02,0
4.056165e+01,1.244837e+02,0
4.056460e+01,1.244827e+02,0
4.056754e+01,1.244818e+02,0
4.057049e+01,1.244808e+02,0
4.057343e+01,1.244798e+02,0
4.057638e+01,1.244789e+02,0
4.057932e+01,1.244779e+02,0
4.058227e+01,1.244770e+02,0
4.058522e+01,1.244760e+02,0
4.058816e+01,1.244751e+02,0
4.059111e+01,1.244741e+02,0
4.059405e+01,1.244732e+02,0
4.059700e+01,1.244722e+02,0
4.059994e+01,1.244713e+02,0
4.060290e+01,1.244703e+02,0
4.060588e+01,1.244694e+02,0
4.060885e+01,1.244684e+02,0
4.061183e+01,1.244675e+02,0
4.061481e+01,1.244666e+02,0
4.061778e+01,1.244656e+02,0
4.062076e+01,1.244647e+02,0
4.062373e+01,1.244637e+02,0
4.062671e+01,1.244628e+02,0
4.062969e+01,1.244618e+02,0
4.063266e+01,1.244609e+02,0
4.063564e+01,1.244599e+02,0
4.063862e+01,1.244590e+02,0
4.064159e+01,1.244581e+02,0
4.064457e+01,1.244571e+02,0
4.064754e+01,1.244562e+02,0
4.065052e+01,1.244552e+02,0
4.065350e+01,1.244543e+02,0
4.065648e+01,1.244533e+02,0
4.065945e+01,1.244524e+02,0
4.066243e+01,1.244514e+02,0
4.066541e+01,1.244505e+02,0
4.066838e+01,1.244496e+02,0
4.067135e+01,1.244486e+02,0
4.067431e+01,1.244476e+02,0
4.067728e+01,1.244466e+02,0
4.068024e+01,1.244457e+02,0
4.068321e+01,1.244447e+02,0
4.068618e+01,1.244437e+02,0
4.068914e+01,1.244428e+02,0
4.069211e+01,1.244418e+02,0
4.069507e+01,1.244408e+02,0
4.069804e+01,1.244398e+02,0
4.070100e+01,1.244389e+02,0
4.070397e+01,1.244379e+02,0
4.070694e+01,1.244369e+02,0
4.070990e+01,1.244360e+02,0
4.071287e+01,1.244350e+02,0
4.071583e+01,1.244340e+02,0
4.071880e+01,1.244330e+02,0
4.072177e+01,1.244321e+02,0
4.072474e+01,1.244311e+02,0
4.072772e+01,1.244302e+02,0
4.073069e+01,1.244292e+02,0
4.073367e+01,1.244283e+02,0
4.073664e+01,1.244273e+02,0
4.073962e+01,1.244264e+02,0
4.074260e+01,1.244254e+02,0
4.074557e+01,1.244245e+02,0
4.074855e+01,1.244235e+02,0
4.075153e+01,1.244226e+02,0
4.075450e+01,1.244217e+02,0
4.075748e+01,1.244207e+02,0
4.076046e+01,1.244198e+02,0
4.076343e+01,1.244188e+02,0
4.076641e+01,1.244179e+02,0
4.076938e+01,1.244169e+02,0
4.077236e+01,1.244160e+02,0
4.077534e+01,1.244150e+02,0
4.077831e+01,1.244141e+02,0
4.078129e+01,1.244131e+02,0
4.078426e+01,1.244122e+02,0
4.078724e+01,1.244112e+02,0
4.079021e+01,1.244103e+02,0
4.079316e+01,1.244093e+02,0
4.079612e+01,1.244084e+02,0
4.079908e+01,1.244074e+02,0
4.080203e+01,1.244065e+02,0
4.080499e+01,1.244055e+02,0
4.080794e+01,1.244046e+02,0
4.081090e+01,1.244036e+02,0
4.081385e+01,1.244027e+02,0
4.081681e+01,1.244017e+02,0
4.081977e+01,1.244008e+02,0
4.082272e+01,1.243998e+02,0
4.082568e+01,1.243989e+02,0
4.082863e+01,1.243979e+02,0
4.083159e+01,1.243969e+02,0
4.083455e+01,1.243960e+02,0
4.083750e+01,1.243950e+02,0
4.084045e+01,1.243941e+02,0
4.084341e+01,1.243931e+02,0
4.084637e+01,1.243922e+02,0
4.084932e+01,1.243912e+02,0
4.085227e+01,1.243903e+02,0
4.085522e+01,1.243894e+02,0
4.085818e+01,1.243884e+02,0
4.086113e+01,1.243875e+02,0
4.086408e+01,1.243865e+02,0
4.086703e+01,1.243856e+02,0
4.086998e+01,1.243846e+02,0
4.087294e+01,1.243837e+02,0
4.087589e+01,1.243827e+02,0
4.087884e+01,1.243818e+02,0
4.088179e+01,1.243809e+02,0
4.088474e+01,1.243799e+02,0
4.088770e+01,1.243790e+02,0
4.089065e+01,1.243780e+02,0
4.089360e+01,1.243771e+02,0
4.089655e+01,1.243761e+02,0
4.089950e+01,1.243752e+02,0
4.090245e+01,1.243742e+02,0
4.090540e+01,1.243733e+02,0
4.090835e+01,1.243723e+02,0
4.091129e+01,1.243714e+02,0
4.091424e+01,1.243704e+02,0
4.091719e+01,1.243694e+02,0
4.092014e+01,1.243685e+02,0
4.092308e+01,1.243675e+02,0
4.092603e+01,1.243666e+02,0
4.092898e+01,1.243656e+02,0
4.093193e+01,1.243647e+02,0
4.093488e+01,1.243637e+02,0
4.093782e+01,1.243627e+02,0
4.094077e+01,1.243618e+02,0
4.094372e+01,1.243608e+02,0
4.094667e+01,1.243599e+02,0
4.094962e+01,1.243589e+02,0
4.095256e+01,1.243580e+02,0
4.095551e+01,1.243570e+02,0
4.095846e+01,1.243560e+02,0
4.096141e+01,1.243551e+02,0
4.096429e+01,1.243541e+02,0
4.096724e+01,1.243532e+02,0
4.097019e+01,1.243522e+02,0
4.097314e+01,1.243513e+02,0
4.097609e+01,1.243503e+02,0
4.097903e+01,1.243493e+02,0
4.098198e+01,1.243484e+02,0
4.098493e+01,1.243474e+02,0
4.098788e+01,1.243464e+02,0
4.099083e+01,1.243454e+02,0
4.099377e+01,1.243445e+02,0
4.099672e+01,1.243435e+02,0
4.099967e+01,1.243425e+02,0
4.100262e+01,1.243416e+02,0
4.100556e+01,1.243406e+02,0
4.100851e+01,1.243396e+02,0
4.101146e+01,1.243387e+02,0
4.101440e+01,1.243377e+02,0
4.101735e+01,1.243367e+02,0
4.102030e+01,1.243358e+02,0
4.102325e+01,1.243348e+02,0
4.102620e+01,1.243338e+02,0
4.102916e+01,1.243329e+02,0
4.103212e+01,1.243319e+02,0
4.103508e+01,1.243309e+02,0
4.103804e+01,1.243300e+02,0
4.104100e+01,1.243290e+02,0
4.104397e+01,1.243281e+02,0
4.104693e+01,1.243271e+02,0
4.104989e+01,1.243261e+02,0
4.105286e+01,1.243252e+02,0
4.105582e+01,1.243242e+02,0
4.105878e+01,1.243233e+02,0
4.106174e+01,1.243223e+02,0
4.106470e+01,1.243214e+02,0
4.106767e+01,1.243204e+02,0
4.107063e+01,1.243195e+02,0
4.107359e+01,1.243185e+02,0
4.107656e+01,1.243175e+02,0
4.107952e+01,1.243166e+02,0
4.108246e+01,1.243156e+02,0
4.108541e+01,1.243147e+02,0
4.108836e+01,1.243137e+02,0
4.109130e+01,1.243127e+02,0
4.109425e+01,1.243118e+02,0
4.109720e+01,1.243108e+02,0
4.110015e+01,1.243098e+02,0
4.110310e+01,1.243089e+02,0
4.110604e+01,1.243079e+02,0
4.110899e+01,1.243070e+02,0
4.111194e+01,1.243060e+02,0
4.111489e+01,1.243050e+02,0
4.111783e+01,1.243041e+02,0
4.112078e+01,1.243031e+02,0
4.112373e+01,1.243022e+02,0
4.112667e+01,1.243012e+02,0
4.112962e+01,1.243002e+02,0
4.113257e+01,1.242993e+02,0
4.113552e+01,1.242983e+02,0
4.113847e+01,1.242973e+02,0
4.114141e+01,1.242964e+02,0
4.114436e+01,1.242954e+02,0
4.114731e+01,1.242945e+02,0
4.115028e+01,1.242935e+02,0
4.115324e+01,1.242926e+02,0
4.115620e+01,1.242916e+02,0
4.115916e+01,1.242907e+02,0
4.116212e+01,1.242897e+02,0
4.116508e+01,1.242888e+02,0
4.116804e+01,1.242878e+02,0
4.117100e+01,1.242869e+02,0
4.117396e+01,1.242859e+02,0
4.117693e+01,1.242850e+02,0
4.117989e+01,1.242840e+02,0
4.118285e+01,1.242831e+02,0
4.118581e+01,1.242822e+02,0
4.118877e+01,1.242812e+02,0
4.119173e+01,1.242803e+02,0
4.119469e+01,1.242793e+02,0
4.119765e+01,1.242784e+02,0
4.120061e+01,1.242774e+02,0
4.120358e+01,1.242765e+02,0
4.120654e+01,1.242755e+02,0
4.120950e+01,1.242745e+02,0
4.121246e+01,1.242736e+02,0
4.121542e+01,1.242726e+02,0
4.121838e+01,1.242717e+02,0
4.122134e+01,1.242707e+02,0
4.122430e+01,1.242697e+02,0
4.122726e+01,1.242688e+02,0
4.123023e+01,1.242678e+02,0
4.123319e+01,1.242668e+02,0
4.123615e+01,1.242659e+02,0
4.123911e+01,1.242649e+02,0
4.124207e+01,1.242639e+02,0
4.124503e+01,1.242630e+02,0
4.124800e+01,1.242620e+02,0
4.125096e+01,1.242610e+02,0
4.125392e+01,1.242601e+02,0
4.125688e+01,1.242591e+02,0
4.125984e+01,1.242582e+02,0
4.126280e+01,1.242572e+02,0
4.126576e+01,1.242562e+02,0
4.126873e+01,1.242553e+02,0
4.127169e+01,1.242543e+02,0
4.127465e+01,1.242534e+02,0
4.127761e+01,1.242524e+02,0
4.128057e+01,1.242514e+02,0
4.128353e+01,1.242505e+02,0
4.128649e+01,1.242495e+02,0
4.128946e+01,1.242486e+02,0
4.129242e+01,1.242476e+02,0
4.129538e+01,1.242466e+02,0
4.129834e+01,1.242457e+02,0
4.130130e+01,1.242447e+02,0
4.130426e+01,1.242437e+02,0
4.130722e+01,1.242428e+02,0
4.131018e+01,1.242418e+02,0
4.131314e+01,1.242409e+02,0
4.131610e+01,1.242399e+02,0
4.131907e+01,1.242389e+02,0
4.132203e+01,1.242380e+02,0
4.132499e+01,1.242370e+02,0
4.132796e+01,1.242360e+02,0
4.133093e+01,1.242351e+02,0
4.133390e+01,1.242341e+02,0
4.133688e+01,1.242331e+02,0
4.133985e+01,1.242321e+02,0
4.134282e+01,1.242311e+02,0
4.134579e+01,1.242301e+02,0
4.134876e+01,1.242292e+02,0
4.135173e+01,1.242282e+02,0
4.135471e+01,1.242272e+02,0
4.135768e+01,1.242262e+02,0
4.136065e+01,1.242252e+02,0
4.136362e+01,1.242242e+02,0
4.136659e+01,1.242233e+02,0
4.136957e+01,1.242223e+02,0
4.137254e+01,1.242213e+02,0
4.137551e+01,1.242203e+02,0
4.137848e+01,1.242193e+02,0
4.138145e+01,1.242183e+02,0
4.138443e+01,1.242174e+02,0
4.138738e+01,1.242164e+02,0
4.139033e+01,1.242154e+02,0
4.139328e+01,1.242145e+02,0
4.139623e+01,1.242135e+02,0
4.139918e+01,1.242126e+02,0
4.140213e+01,1.242116e+02,0
4.140508e+01,1.242107e+02,0
4.140804e+01,1.242097e+02,0
4.141098e+01,1.242087e+02,0
4.141394e+01,1.242078e+02,0
4.141689e+01,1.242068e+02,0
4.141984e+01,1.242059e+02,0
4.142279e+01,1.242049e+02,0
4.142574e+01,1.242040e+02,0
4.142869e+01,1.242030e+02,0
4.143164e+01,1.242020e+02,0
4.143459e+01,1.242011e+02,0
4.143754e+01,1.242001e+02,0
4.144050e+01,1.241992e+02,0
4.144346e+01,1.241982e+02,0
4.144642e+01,1.241972e+02,0
4.144939e+01,1.241963e+02,0
4.145235e+01,1.241953e+02,0
4.145531e+01,1.241944e+02,0
4.145827e+01,1.241934e+02,0
4.146123e+01,1.241924e+02,0
4.146419e+01,1.241915e+02,0
4.146715e+01,1.241905e+02,0
4.147011e+01,1.241895e+02,0
4.147307e+01,1.241886e+02,0
4.147603e+01,1.241876e+02,0
4.147899e+01,1.241866e+02,0
4.148195e+01,1.241857e+02,0
4.148492e+01,1.241847e+02,0
4.148788e+01,1.241837e+02,0
4.149084e+01,1.241828e+02,0
4.149380e+01,1.241818e+02,0
4.149676e+01,1.241808e+02,0
4.149972e+01,1.241799e+02,0
4.150268e+01,1.241789e+02,0
4.150564e+01,1.241779e+02,0
4.150860e+01,1.241770e+02,0
4.151156e+01,1.241760e+02,0
4.151453e+01,1.241750e+02,0
4.151749e+01,1.241740e+02,0
4.152045e+01,1.241730e+02,0
4.152341e+01,1.241721e+02,0
4.152637e+01,1.241711e+02,0
4.152934e+01,1.241701e+02,0
4.153230e+01,1.241691e+02,0
4.153526e+01,1.241681e+02,0
4.153822e+01,1.241672e+02,0
4.154118e+01,1.241662e+02,0
4.154414e+01,1.241652e+02,0
4.154710e+01,1.241642e+02,0
4.155007e+01,1.241633e+02,0
4.155303e+01,1.241623e+02,0
4.155599e+01,1.241613e+02,0
4.155895e+01,1.241603e+02,0
4.156191e+01,1.241593e+02,0
4.156487e+01,1.241584e+02,0
4.156783e+01,1.241574e+02,0
4.157078e+01,1.241564e+02,0
4.157373e+01,1.241554e+02,0
4.157669e+01,1.241544e+02,0
4.157964e+01,1.241534e+02,0
4.158260e+01,1.241525e+02,0
4.158555e+01,1.241515e+02,0
4.158851e+01,1.241505e+02,0
4.159146e+01,1.241495e+02,0
4.159441e+01,1.241485e+02,0
4.159737e+01,1.241475e+02,0
4.160032e+01,1.241465e+02,0
4.160328e+01,1.241456e+02,0
4.160623e+01,1.241446e+02,0
4.160918e+01,1.241436e+02,0
4.161214e+01,1.241426e+02,0
4.161509e+01,1.241416e+02,0
4.161805e+01,1.241406e+02,0
4.162101e+01,1.241397e+02,0
4.162397e+01,1.241387e+02,0
4.162693e+01,1.241377e+02,0
4.162989e+01,1.241368e+02,0
4.163285e+01,1.241358e+02,0
4.163581e+01,1.241348e+02,0
4.163877e+01,1.241339e+02,0
4.164174e+01,1.241329e+02,0
4.164470e+01,1.241319e+02,0
4.164766e+01,1.241310e+02,0
4.165062e+01,1.241300e+02,0
4.165358e+01,1.241290e+02,0
4.165654e+01,1.241280e+02,0
4.165950e+01,1.241271e+02,0
4.166246e+01,1.241261e+02,0
4.166542e+01,1.241251e+02,0
4.166838e+01,1.241242e+02,0
4.167134e+01,1.241232e+02,0
4.167430e+01,1.241222e+02,0
4.167726e+01,1.241213e+02,0
4.168022e+01,1.241203e+02,0
4.168318e+01,1.241193e+02,0
4.168614e+01,1.241183e+02,0
4.168910e+01,1.241174e+02,0
4.169206e+01,1.241164e+02,0
4.169502e+01,1.241155e+02,0
4.169798e+01,1.241145e+02,0
4.170094e+01,1.241135e+02,0
4.170390e+01,1.241126e+02,0
4.170686e+01,1.241116e+02,0
4.170982e+01,1.241106e+02,0
4.171277e+01,1.241097e+02,0
4.171573e+01,1.241087e+02,0
4.171869e+01,1.241078e+02,0
4.172165e+01,1.241068e+02,0
4.172461e+01,1.241058e+02,0
4.172757e+01,1.241049e+02,0
4.173053e+01,1.241039e+02,0
4.173349e+01,1.241030e+02,0
4.173645e+01,1.241020e+02,0
4.173941e+01,1.241010e+02,0
4.174237e+01,1.241001e+02,0
4.174534e+01,1.240991e+02,0
4.174832e+01,1.240981e+02,0
4.175130e+01,1.240972e+02,0
4.175428e+01,1.240962e+02,0
4.175726e+01,1.240952e+02,0
4.176023e+01,1.240942e+02,0
4.176321e+01,1.240933e+02,0
4.176619e+01,1.240923e+02,0
4.176917e+01,1.240913e+02,0
4.177215e+01,1.240904e+02,0
4.177512e+01,1.240894e+02,0
4.177810e+01,1.240884e+02,0
4.178108e+01,1.240874e+02,0
4.178406e+01,1.240865e+02,0
4.178704e+01,1.240855e+02,0
4.179002e+01,1.240845e+02,0
4.179300e+01,1.240836e+02,0
4.179597e+01,1.240826e+02,0
4.179893e+01,1.240816e+02,0
4.180189e+01,1.240806e+02,0
4.180485e+01,1.240797e+02,0
4.180781e+01,1.240787e+02,0
4.181077e+01,1.240777e+02,0
4.181373e+01,1.240767e+02,0
4.181669e+01,1.240758e+02,0
4.181965e+01,1.240748e+02,0
4.182261e+01,1.240738e+02,0
4.182557e+01,1.240729e+02,0
4.182853e+01,1.240719e+02,0
4.183149e+01,1.240709e+02,0
4.183445e+01,1.240699e+02,0
4.183741e+01,1.240690e+02,0
4.184037e+01,1.240680e+02,0
4.184333e+01,1.240670e+02,0
4.184629e+01,1.240660e+02,0
4.184925e+01,1.240651e+02,0
4.185221e+01,1.240641e+02,0
4.185517e+01,1.240631e+02,0
4.185813e+01,1.240621e+02,0
4.186109e+01,1.240612e+02,0
4.186406e+01,1.240602e+02,0
4.186703e+01,1.240592e+02,0
4.187000e+01,1.240582e+02,0
4.187297e+01,1.240572e+02,0
4.187594e+01,1.240562e+02,0
4.187891e+01,1.240552e+02,0
4.188188e+01,1.240542e+02,0
4.188485e+01,1.240532e+02,0
4.188782e+01,1.240522e+02,0
4.189079e+01,1.240512e+02,0
4.189376e+01,1.240502e+02,0
4.189673e+01,1.240492e+02,0
4.189970e+01,1.240482e+02,0
4.190268e+01,1.240472e+02,0
4.190564e+01,1.240462e+02,0
4.190862e+01,1.240452e+02,0
4.191159e+01,1.240443e+02,0
4.191455e+01,1.240433e+02,0
4.191753e+01,1.240423e+02,0
4.192050e+01,1.240413e+02,0
4.192346e+01,1.240403e+02,0
4.192640e+01,1.240393e+02,0
4.192934e+01,1.240383e+02,0
4.193229e+01,1.240373e+02,0
4.193523e+01,1.240363e+02,0
4.193817e+01,1.240354e+02,0
4.194105e+01,1.240344e+02,0
4.194400e+01,1.240334e+02,0
4.194694e+01,1.240324e+02,0
4.194988e+01,1.240314e+02,0
4.195282e+01,1.240305e+02,0
4.195576e+01,1.240295e+02,0
4.195871e+01,1.240285e+02,0
4.196165e+01,1.240275e+02,0
4.196459e+01,1.240265e+02,0
4.196753e+01,1.240255e+02,0
4.197047e+01,1.240246e+02,0
4.197342e+01,1.240236e+02,0
4.197638e+01,1.240226e+02,0
4.197934e+01,1.240216e+02,0
4.198231e+01,1.240206e+02,0
4.198528e+01,1.240196e+02,0
4.198825e+01,1.240186e+02,0
4.199122e+01,1.240177e+02,0
4.199419e+01,1.240167e+02,0
4.199715e+01,1.240157e+02,0
